hansen_treeD;hansen_treeD_1km;Habitat
95;83.68415833;Shade_coffee
95;52.32880402;Forest_fragment/Riparian_strip
7;69.27404022;Shade_coffee
91;83.29683685;Shade_coffee
86;83.29683685;Shade_coffee
96;86.64510345;Mature_forest
96;86.64510345;Secondary_Growth
89;86.64510345;Secondary_Growth
94;86.64510345;Secondary_Growth
96;86.64510345;Mature_forest
96;86.64510345;Secondary_Growth
90;86.64510345;Mature_forest
95;86.64510345;Mature_forest
98;86.64510345;Secondary_Growth
100;86.64510345;Mature_forest
100;86.64510345;Mature_forest
98;86.64510345;Mature_forest
100;86.64510345;Mature_forest
100;86.64510345;Mature_forest
75;86.64510345;Mature_forest
99;86.64510345;Mature_forest
99;86.64510345;Mature_forest
97;67.90058899;Mature_forest
92;79.21495056;Mature_forest
96;67.90058899;Mature_forest
100;67.90058899;Mature_forest
72;67.90058899;Mature_forest
100;67.90058899;Mature_forest
94;67.90058899;Mature_forest
95;67.90058899;Mature_forest
90;80.74205017;Forest_fragment/Riparian_strip
99;80.74205017;Forest_fragment/Riparian_strip
95;81.77240753;Forest_fragment/Riparian_strip
95;80.74205017;Forest_fragment/Riparian_strip
22;81.77240753;Shade_coffee
95;85.2015152;Forest_fragment/Riparian_strip
84;81.77240753;Shade_coffee
90;80.74205017;Shade_coffee
73;81.77240753;Shade_coffee
81;80.74205017;Shade_coffee
42;75.00334167;Shade_coffee
95;85.2015152;Shade_coffee
90;85.10045624;Mature_forest
90;85.10045624;Mature_forest
90;85.10045624;Mature_forest
90;85.10045624;Mature_forest
90;85.10045624;Mature_forest
90;63.25940323;Mature_forest
90;63.25940323;Mature_forest
90;63.25940323;Mature_forest
90;63.25940323;Mature_forest
90;63.25940323;Mature_forest
90;63.25940323;Mature_forest
90;63.25940323;Mature_forest
90;85.10045624;Mature_forest
89;85.10045624;Mature_forest
90;80.50391388;Mature_forest
90;80.50391388;Mature_forest
81;80.50391388;Mature_forest
81;66.89613342;Mature_forest
90;66.89613342;Mature_forest
95;85.10045624;Mature_forest
95;85.10045624;Mature_forest
90;85.10045624;Mature_forest
90;85.10045624;Mature_forest
90;85.10045624;Mature_forest
90;84.04781342;Mature_forest
90;84.04781342;Mature_forest
90;84.04781342;Mature_forest
90;85.10045624;Mature_forest
90;84.04781342;Mature_forest
90;85.10045624;Mature_forest
90;85.10045624;Mature_forest
90;85.10045624;Mature_forest
90;85.10045624;Mature_forest
90;85.10045624;Mature_forest
90;85.10045624;Mature_forest
90;85.10045624;Mature_forest
90;85.10045624;Mature_forest
90;85.10045624;Mature_forest
90;80.50391388;Mature_forest
90;66.89613342;Mature_forest
90;80.50391388;Mature_forest
90;80.50391388;Mature_forest
90;66.89613342;Mature_forest
90;85.10045624;Mature_forest
90;85.10045624;Mature_forest
90;85.10045624;Mature_forest
90;63.25940323;Mature_forest
90;63.25940323;Mature_forest
90;63.25940323;Mature_forest
90;63.25940323;Mature_forest
90;85.10045624;Mature_forest
90;85.10045624;Mature_forest
90;85.10045624;Mature_forest
90;84.04781342;Mature_forest
90;84.04781342;Mature_forest
90;84.04781342;Mature_forest
90;84.04781342;Mature_forest
90;84.04781342;Mature_forest
90;84.04781342;Mature_forest
90;85.10045624;Mature_forest
90;85.10045624;Mature_forest
63;84.04781342;Mature_forest
82;84.04781342;Mature_forest
90;43.06640244;Secondary_Growth
60;58.38142776;Mature_forest
78;58.38142776;Mature_forest
47;58.38142776;Mature_forest
78;58.38142776;Mature_forest
60;52.25966263;Mature_forest
66;58.38142776;Mature_forest
45;58.38142776;Mature_forest
82;60.3118782;Secondary_Growth
90;80.60090637;Mature_forest
90;80.60090637;Secondary_Growth
90;80.60090637;Mature_forest
95;94.69482422;Mature_forest
95;94.69482422;Mature_forest
95;94.69482422;Mature_forest
95;94.69482422;Mature_forest
95;94.69482422;Mature_forest
95;92.85403442;Mature_forest
95;94.69482422;Mature_forest
95;92.85403442;Mature_forest
95;94.69482422;Mature_forest
95;92.85403442;Mature_forest
95;92.85403442;Mature_forest
95;92.85403442;Mature_forest
99;78.11575317;Mature_forest
95;78.11575317;Mature_forest
90;81.02529907;Mature_forest
72;81.02529907;Mature_forest
76;81.02529907;Mature_forest
95;87.24108124;Secondary_Growth
95;87.24108124;Secondary_Growth
89;87.24108124;Mature_forest
99;87.24108124;Mature_forest
90;78.11575317;Mature_forest
59;81.02529907;Mature_forest
90;81.02529907;Mature_forest
89;81.02529907;Mature_forest
83;81.02529907;Mature_forest
90;81.02529907;Secondary_Growth
90;81.02529907;Mature_forest
72;65.00800323;Mature_forest
74;65.00800323;Secondary_Growth
95;92.85403442;Mature_forest
76;58.38142776;Mature_forest
90;58.38142776;Mature_forest
79;52.25966263;Secondary_Growth
76;52.25966263;Mature_forest
95;92.85403442;Mature_forest
95;92.85403442;Mature_forest
89;58.38142776;Mature_forest
68;58.38142776;Mature_forest
68;52.25966263;Mature_forest
95;92.85403442;Mature_forest
89;58.38142776;Mature_forest
95;92.85403442;Mature_forest
78;52.25966263;Mature_forest
28;58.38142776;Secondary_Growth
95;92.85403442;Mature_forest
95;92.85403442;Mature_forest
97;79.23567963;Secondary_Growth
95;79.23567963;Secondary_Growth
74;58.38142776;Mature_forest
95;85.65267944;Mature_forest
95;82.05325317;Mature_forest
95;79.23567963;Secondary_Growth
90;85.65267944;Mature_forest
95;79.23567963;Secondary_Growth
90;85.65267944;Mature_forest
90;85.65267944;Mature_forest
95;82.37373352;Secondary_Growth
81;85.65267944;Mature_forest
90;85.65267944;Mature_forest
95;88.5226593;Mature_forest
95;88.5226593;Mature_forest
89;68.53069305;Mature_forest
91;27.78082085;Shade_coffee
81;27.78082085;Shade_coffee
68;46.43687057;Shade_coffee
86;29.56741714;Shade_coffee
76;27.78082085;Shade_coffee
83;27.78082085;Shade_coffee
95;88.5226593;Mature_forest
95;88.5226593;Secondary_Growth
95;94.69482422;Mature_forest
99;88.5226593;Mature_forest
99;94.69482422;Mature_forest
95;68.23831177;Mature_forest
95;68.23831177;Mature_forest
90;68.23831177;Mature_forest
95;68.23831177;Mature_forest
93;68.23831177;Mature_forest
90;68.23831177;Mature_forest
95;41.02163315;Shade_coffee
95;41.02163315;Shade_coffee
47;63.26517868;Secondary_Growth
95;74.84596252;Secondary_Growth
95;74.84596252;Secondary_Growth
80;74.84596252;Mature_forest
95;74.84596252;Mature_forest
95;74.84596252;Secondary_Growth
95;74.84596252;Mature_forest
74;74.84596252;Secondary_Growth
95;74.84596252;Secondary_Growth
68;74.84596252;Secondary_Growth
95;74.84596252;Secondary_Growth
95;74.84596252;Mature_forest
78;74.84596252;Mature_forest
95;74.84596252;Secondary_Growth
75;74.84596252;Mature_forest
94;74.84596252;Mature_forest
95;74.84596252;Mature_forest
95;74.84596252;Secondary_Growth
95;74.84596252;Mature_forest
95;79.89677429;Mature_forest
95;74.84596252;Mature_forest
95;79.89677429;Mature_forest
90;79.89677429;Mature_forest
95;79.89677429;Mature_forest
95;79.89677429;Mature_forest
95;79.89677429;Mature_forest
83;79.89677429;Secondary_Growth
95;79.89677429;Mature_forest
78;79.89677429;Mature_forest
95;70.1366272;Mature_forest
90;70.1366272;Mature_forest
95;65.20037842;Mature_forest
95;65.20037842;Mature_forest
95;70.1366272;Mature_forest
90;70.1366272;Mature_forest
90;70.1366272;Mature_forest
95;78.51692963;Shade_coffee
95;78.51692963;Shade_coffee
95;78.51692963;Shade_coffee
94;78.51692963;Shade_coffee
95;78.51692963;Shade_coffee
95;78.51692963;Shade_coffee
95;68.54437256;Shade_coffee
90;68.54437256;Shade_coffee
95;68.54437256;Shade_coffee
95;68.54437256;Shade_coffee
90;68.54437256;Shade_coffee
99;68.54437256;Shade_coffee
82;68.54437256;Shade_coffee
99;74.89324951;Shade_coffee
90;74.89324951;Shade_coffee
95;74.89324951;Shade_coffee
90;68.54437256;Mature_forest
99;68.54437256;Mature_forest
95;68.54437256;Mature_forest
95;68.54437256;Mature_forest
99;68.54437256;Mature_forest
90;68.54437256;Mature_forest
99;68.54437256;Mature_forest
99;68.54437256;Mature_forest
95;68.54437256;Mature_forest
95;68.54437256;Mature_forest
90;85.00593567;Forest_fragment/Riparian_strip
90;90.04559326;Mature_forest
89;90.04559326;Mature_forest
90;90.04559326;Mature_forest
91;90.04559326;Mature_forest
90;80.03420258;Mature_forest
95;90.04559326;Mature_forest
90;90.04559326;Mature_forest
90;92.23602295;Mature_forest
97;80.03420258;Mature_forest
89;80.03420258;Shade_coffee
91;80.03420258;Shade_coffee
90;92.23602295;Mature_forest
95;90.04559326;Mature_forest
90;90.04559326;Mature_forest
90;90.04559326;Mature_forest
95;92.23602295;Mature_forest
95;92.23602295;Mature_forest
95;92.23602295;Mature_forest
90;92.23602295;Mature_forest
90;92.23602295;Mature_forest
95;92.23602295;Mature_forest
90;92.23602295;Mature_forest
95;92.23602295;Mature_forest
95;92.23602295;Mature_forest
90;92.23602295;Mature_forest
95;92.23602295;Mature_forest
90;92.23602295;Mature_forest
90;92.23602295;Mature_forest
90;92.23602295;Mature_forest
90;92.23602295;Mature_forest
90;92.23602295;Mature_forest
95;92.23602295;Mature_forest
95;85.27883911;Shade_coffee
95;85.27883911;Shade_coffee
95;85.27883911;Shade_coffee
95;80.40711975;Shade_coffee
73;85.27883911;Shade_coffee
90;85.27883911;Shade_coffee
90;85.27883911;Shade_coffee
90;80.40711975;Shade_coffee
76;80.40711975;Shade_coffee
95;82.37373352;Mature_forest
90;60.3118782;Secondary_Growth
95;80.60090637;Mature_forest
95;88.5226593;Mature_forest
95;80.60090637;Mature_forest
95;94.69482422;Mature_forest
90;80.60090637;Mature_forest
90;80.60090637;Mature_forest
95;94.69482422;Mature_forest
95;94.69482422;Mature_forest
95;94.69482422;Mature_forest
95;82.37373352;Mature_forest
95;94.69482422;Mature_forest
95;94.69482422;Mature_forest
99;82.37373352;Mature_forest
95;94.69482422;Mature_forest
95;94.69482422;Mature_forest
95;92.85403442;Mature_forest
95;94.69482422;Mature_forest
95;92.85403442;Mature_forest
90;85.10045624;Mature_forest
95;92.85403442;Mature_forest
95;94.69482422;Mature_forest
95;92.85403442;Mature_forest
95;92.85403442;Mature_forest
95;92.85403442;Mature_forest
51;85.10045624;Mature_forest
95;85.10045624;Mature_forest
93;85.10045624;Mature_forest
95;92.85403442;Mature_forest
95;92.85403442;Mature_forest
95;92.85403442;Mature_forest
90;85.10045624;Mature_forest
95;92.85403442;Mature_forest
95;92.85403442;Mature_forest
90;84.04781342;Mature_forest
95;92.85403442;Mature_forest
95;92.85403442;Mature_forest
95;79.23567963;Secondary_Growth
90;85.10045624;Mature_forest
90;84.04781342;Mature_forest
95;79.23567963;Secondary_Growth
95;79.23567963;Secondary_Growth
90;84.04781342;Mature_forest
77;65.00800323;Mature_forest
90;65.00800323;Mature_forest
95;82.05325317;Secondary_Growth
95;79.23567963;Secondary_Growth
95;85.65267944;Mature_forest
95;82.37373352;Secondary_Growth
90;85.65267944;Mature_forest
99;88.5226593;Mature_forest
90;85.65267944;Mature_forest
90;85.65267944;Mature_forest
90;85.65267944;Mature_forest
95;85.65267944;Mature_forest
95;88.5226593;Secondary_Growth
90;68.53069305;Mature_forest
95;82.37373352;Mature_forest
95;82.37373352;Mature_forest
95;82.37373352;Mature_forest
71;60.3118782;Secondary_Growth
90;80.60090637;Mature_forest
95;82.37373352;Mature_forest
95;82.37373352;Mature_forest
95;82.37373352;Mature_forest
95;88.5226593;Mature_forest
95;88.5226593;Mature_forest
95;88.5226593;Mature_forest
95;94.69482422;Mature_forest
95;94.69482422;Mature_forest
95;94.69482422;Mature_forest
95;94.69482422;Mature_forest
95;94.69482422;Mature_forest
95;72.47866058;Mature_forest
95;72.47866058;Mature_forest
90;66.89613342;Mature_forest
90;80.50391388;Mature_forest
90;66.89613342;Mature_forest
75;80.50391388;Mature_forest
90;80.50391388;Mature_forest
90;80.50391388;Mature_forest
90;80.50391388;Mature_forest
90;85.10045624;Mature_forest
90;63.25940323;Mature_forest
90;63.25940323;Mature_forest
90;63.25940323;Mature_forest
90;85.10045624;Mature_forest
90;85.10045624;Mature_forest
90;63.25940323;Mature_forest
90;85.10045624;Mature_forest
95;85.10045624;Mature_forest
90;85.10045624;Mature_forest
90;85.10045624;Mature_forest
90;85.10045624;Mature_forest
90;85.10045624;Mature_forest
93;85.10045624;Mature_forest
99;85.10045624;Mature_forest
95;85.10045624;Mature_forest
90;85.10045624;Mature_forest
90;84.04781342;Mature_forest
90;84.04781342;Mature_forest
90;84.04781342;Mature_forest
90;84.04781342;Mature_forest
90;84.04781342;Mature_forest
90;84.04781342;Mature_forest
90;84.04781342;Mature_forest
90;84.04781342;Mature_forest
90;84.04781342;Mature_forest
90;84.04781342;Mature_forest
90;84.04781342;Mature_forest
90;85.10045624;Mature_forest
82;80.03420258;Shade_coffee
89;80.03420258;Shade_coffee
89;80.03420258;Shade_coffee
90;80.03420258;Shade_coffee
76;80.03420258;Shade_coffee
89;80.03420258;Shade_coffee
95;80.03420258;Shade_coffee
95;80.03420258;Mature_forest
90;90.04559326;Mature_forest
89;90.04559326;Mature_forest
90;90.04559326;Mature_forest
90;90.04559326;Mature_forest
90;92.23602295;Mature_forest
95;92.23602295;Mature_forest
62;80.03420258;Shade_coffee
90;80.03420258;Shade_coffee
94;80.03420258;Shade_coffee
94;80.03420258;Shade_coffee
94;80.03420258;Shade_coffee
95;80.03420258;Shade_coffee
76;80.03420258;Shade_coffee
95;90.03808594;Shade_coffee
100;90.04559326;Mature_forest
90;90.04559326;Mature_forest
90;92.23602295;Mature_forest
90;92.23602295;Mature_forest
91;92.23602295;Mature_forest
95;92.23602295;Mature_forest
95;92.23602295;Mature_forest
95;92.23602295;Mature_forest
90;92.23602295;Mature_forest
90;92.23602295;Mature_forest
90;92.23602295;Mature_forest
90;92.23602295;Secondary_Growth
90;92.23602295;Secondary_Growth
95;92.23602295;Secondary_Growth
90;90.03808594;Shade_coffee
91;80.03420258;Secondary_Growth
95;92.23602295;Mature_forest
90;92.23602295;Mature_forest
90;92.23602295;Mature_forest
90;92.23602295;Mature_forest
90;92.23602295;Mature_forest
90;92.23602295;Mature_forest
90;92.23602295;Secondary_Growth
95;92.23602295;Secondary_Growth
99;90.03808594;Shade_coffee
95;78.51692963;Shade_coffee
95;78.51692963;Shade_coffee
90;68.54437256;Shade_coffee
95;68.54437256;Shade_coffee
90;68.54437256;Shade_coffee
90;68.54437256;Shade_coffee
95;74.89324951;Shade_coffee
95;74.89324951;Shade_coffee
95;74.89324951;Shade_coffee
95;74.89324951;Shade_coffee
95;74.89324951;Shade_coffee
95;68.54437256;Shade_coffee
95;78.51692963;Shade_coffee
95;78.51692963;Shade_coffee
95;78.51692963;Shade_coffee
95;78.51692963;Shade_coffee
95;78.51692963;Shade_coffee
95;68.54437256;Shade_coffee
90;68.54437256;Shade_coffee
95;68.54437256;Shade_coffee
99;74.89324951;Shade_coffee
95;74.89324951;Shade_coffee
82;74.89324951;Shade_coffee
95;74.89324951;Shade_coffee
95;74.89324951;Shade_coffee
95;68.54437256;Shade_coffee
95;68.54437256;Shade_coffee
95;78.51692963;Shade_coffee
95;78.51692963;Shade_coffee
98;79.21495056;Mature_forest
99;86.64510345;Mature_forest
100;86.64510345;Mature_forest
98;86.64510345;Mature_forest
98;86.64510345;Secondary_Growth
96;86.64510345;Secondary_Growth
100;86.64510345;Secondary_Growth
75;79.21495056;Mature_forest
59;79.21495056;Mature_forest
98;86.64510345;Mature_forest
100;86.64510345;Mature_forest
100;86.64510345;Mature_forest
98;86.64510345;Mature_forest
100;86.64510345;Mature_forest
96;86.64510345;Secondary_Growth
89;86.64510345;Secondary_Growth
90;86.64510345;Mature_forest
80;79.21495056;Secondary_Growth
95;74.84596252;Mature_forest
95;74.84596252;Mature_forest
80;74.84596252;Mature_forest
74;74.84596252;Mature_forest
95;74.84596252;Mature_forest
95;74.84596252;Mature_forest
89;74.84596252;Mature_forest
73;74.84596252;Mature_forest
95;74.84596252;Mature_forest
76;74.84596252;Mature_forest
64;74.84596252;Mature_forest
95;74.84596252;Secondary_Growth
95;74.84596252;Mature_forest
95;74.84596252;Mature_forest
95;74.84596252;Mature_forest
95;74.84596252;Mature_forest
83;74.84596252;Mature_forest
95;79.89677429;Mature_forest
95;79.89677429;Mature_forest
95;79.89677429;Mature_forest
95;79.89677429;Mature_forest
94;79.89677429;Mature_forest
90;79.89677429;Mature_forest
94;79.89677429;Mature_forest
74;79.89677429;Mature_forest
59;74.36557007;Mature_forest
95;74.84596252;Mature_forest
95;74.84596252;Mature_forest
95;74.84596252;Mature_forest
75;74.84596252;Mature_forest
95;74.84596252;Mature_forest
95;79.89677429;Mature_forest
87;79.89677429;Mature_forest
95;79.89677429;Mature_forest
95;79.89677429;Mature_forest
76;79.89677429;Mature_forest
78;79.89677429;Mature_forest
90;79.89677429;Mature_forest
94;79.89677429;Mature_forest
90;79.89677429;Secondary_Growth
0;74.36557007;Forest_fragment/Riparian_strip
14;74.36557007;Forest_fragment/Riparian_strip
76;80.52729034;Mature_forest
78;80.52729034;Mature_forest
68;80.52729034;Mature_forest
90;80.52729034;Secondary_Growth
74;49.58415604;Mature_forest
71;80.52729034;Mature_forest
76;80.52729034;Mature_forest
89;83.47225952;Mature_forest
79;83.47225952;Mature_forest
90;83.47225952;Mature_forest
85;83.47225952;Mature_forest
93;50.971138;Mature_forest
90;50.971138;Mature_forest
79;79.92275238;Mature_forest
85;79.92275238;Mature_forest
95;68.23831177;Mature_forest
95;68.23831177;Mature_forest
95;68.23831177;Mature_forest
90;54.79985046;Mature_forest
90;74.00642395;Mature_forest
95;68.23831177;Mature_forest
95;68.23831177;Mature_forest
79;21.33917618;Shade_coffee
49;21.33917618;Shade_coffee
76;46.43687057;Shade_coffee
76;46.43687057;Shade_coffee
0;46.43687057;Shade_coffee
63;46.43687057;Shade_coffee
0;46.43687057;Shade_coffee
0;46.43687057;Shade_coffee
62;46.43687057;Shade_coffee
54;29.56741714;Shade_coffee
34;29.56741714;Shade_coffee
60;29.56741714;Shade_coffee
48;29.56741714;Shade_coffee
14;27.78082085;Shade_coffee
82;27.78082085;Shade_coffee
78;27.78082085;Shade_coffee
91;27.78082085;Shade_coffee
95;85.65267944;Mature_forest
95;85.65267944;Mature_forest
90;85.65267944;Mature_forest
90;85.65267944;Mature_forest
90;85.65267944;Mature_forest
90;85.65267944;Mature_forest
90;85.65267944;Mature_forest
79;85.65267944;Mature_forest
81;85.65267944;Mature_forest
90;85.65267944;Mature_forest
90;85.65267944;Mature_forest
90;85.65267944;Mature_forest
90;85.65267944;Mature_forest
76;80.52729034;Mature_forest
89;80.52729034;Mature_forest
89;80.52729034;Mature_forest
63;80.52729034;Mature_forest
50;80.52729034;Mature_forest
24;49.58415604;Mature_forest
89;83.47225952;Mature_forest
90;83.47225952;Mature_forest
72;83.47225952;Mature_forest
82;50.971138;Mature_forest
90;79.92275238;Mature_forest
66;79.92275238;Mature_forest
76;79.92275238;Mature_forest
62;79.92275238;Mature_forest
95;83.34512329;Sun_coffee
95;83.34512329;Forest_fragment/Riparian_strip
95;83.34512329;Sun_coffee
94;83.34512329;Sun_coffee
79;83.34512329;Sun_coffee
86;83.34512329;Sun_coffee
76;83.34512329;Sun_coffee
85;83.34512329;Sun_coffee
0;83.34512329;Sun_coffee
74;83.34512329;Sun_coffee
71;83.34512329;Sun_coffee
80;83.34512329;Sun_coffee
54;83.34512329;Sun_coffee
26;83.34512329;Sun_coffee
4;83.34512329;Sun_coffee
76;83.34512329;Sun_coffee
90;80.40711975;Shade_coffee
90;80.40711975;Shade_coffee
89;80.40711975;Shade_coffee
95;80.40711975;Shade_coffee
74;89.89379883;Mature_forest
90;89.89379883;Mature_forest
90;89.89379883;Mature_forest
95;89.89379883;Mature_forest
95;89.89379883;Mature_forest
95;93.29165649;Mature_forest
95;93.29165649;Mature_forest
95;93.29165649;Mature_forest
90;93.29165649;Mature_forest
90;93.29165649;Mature_forest
90;57.89860535;Forest_fragment/Riparian_strip
90;57.89860535;Forest_fragment/Riparian_strip
89;57.89860535;Mature_forest
95;76.32958984;Mature_forest
98;76.32958984;Mature_forest
90;76.32958984;Mature_forest
90;76.32958984;Mature_forest
95;57.89860535;Mature_forest
74;57.89860535;Forest_fragment/Riparian_strip
76;57.89860535;Forest_fragment/Riparian_strip
89;57.89860535;Mature_forest
90;57.89860535;Mature_forest
95;76.32958984;Mature_forest
97;76.32958984;Mature_forest
99;76.32958984;Mature_forest
95;76.32958984;Mature_forest
95;76.32958984;Mature_forest
95;76.32958984;Mature_forest
74;78.68186951;Secondary_Growth
90;78.68186951;Secondary_Growth
90;78.68186951;Secondary_Growth
90;80.08700562;Secondary_Growth
90;80.08700562;Secondary_Growth
90;80.08700562;Secondary_Growth
86;78.68186951;Secondary_Growth
90;78.68186951;Secondary_Growth
90;80.08700562;Secondary_Growth
85;80.08700562;Secondary_Growth
90;80.08700562;Secondary_Growth
90;80.08700562;Secondary_Growth
0;80.08700562;Secondary_Growth
94;97.42303467;Mature_forest
96;93.52791595;Mature_forest
99;97.42303467;Mature_forest
99;97.42303467;Mature_forest
91;93.52791595;Mature_forest
96;93.52791595;Secondary_Growth
9;94.79515076;Secondary_Growth
98;95.48539734;Mature_forest
99;95.48539734;Mature_forest
99;91.46383667;Mature_forest
86;91.46383667;Mature_forest
99;91.46383667;Mature_forest
95;94.86040497;Secondary_Growth
95;89.95012665;Forest_fragment/Riparian_strip
41;91.76690674;Secondary_Growth
95;89.84632111;Mature_forest
100;90.03025818;Secondary_Growth
98;91.56327057;Secondary_Growth
94;88.52310181;Secondary_Growth
99;88.52310181;Mature_forest
99;88.52310181;Mature_forest
99;90.51522827;Secondary_Growth
99;90.51522827;Mature_forest
99;90.51522827;Mature_forest
100;93.28218079;Mature_forest
81;81.02529907;Mature_forest
54;81.02529907;Mature_forest
74;81.02529907;Mature_forest
89;81.02529907;Mature_forest
72;81.02529907;Mature_forest
90;81.02529907;Mature_forest
77;81.02529907;Mature_forest
90;81.02529907;Mature_forest
95;81.02529907;Mature_forest
90;78.11575317;Secondary_Growth
73;87.24108124;Mature_forest
89;87.24108124;Mature_forest
99;78.11575317;Mature_forest
94;87.24108124;Secondary_Growth
90;87.24108124;Secondary_Growth
89;31.27968216;Secondary_Growth
95;31.27968216;Forest_fragment/Riparian_strip
95;31.27968216;Forest_fragment/Riparian_strip
61;31.27968216;Secondary_Growth
95;81.76383209;Mature_forest
97;81.76383209;Mature_forest
97;81.76383209;Mature_forest
99;81.76383209;Mature_forest
95;81.76383209;Mature_forest
97;81.76383209;Mature_forest
95;81.76383209;Mature_forest
95;81.76383209;Mature_forest
95;81.76383209;Mature_forest
95;81.76383209;Mature_forest
91;84.63080597;Mature_forest
76;84.63080597;Secondary_Growth
95;81.76383209;Mature_forest
95;81.76383209;Mature_forest
90;81.18733978;Secondary_Growth
89;81.18733978;Secondary_Growth
90;81.18733978;Secondary_Growth
90;81.18733978;Mature_forest
91;87.29983521;Secondary_Growth
90;87.29983521;Mature_forest
97;87.29983521;Mature_forest
91;87.29983521;Mature_forest
95;90.38069916;Secondary_Growth
90;87.29983521;Mature_forest
97;87.29983521;Secondary_Growth
90;90.38069916;Mature_forest
75;91.23146057;Secondary_Growth
97;91.23146057;Secondary_Growth
95;85.6584549;Mature_forest
90;91.01913452;Mature_forest
90;91.01913452;Mature_forest
95;91.48760223;Mature_forest
95;91.48760223;Mature_forest
89;91.36894989;Secondary_Growth
93;91.36894989;Mature_forest
89;91.36894989;Mature_forest
90;88.92657471;Mature_forest
95;90.58855438;Mature_forest
90;90.58855438;Mature_forest
90;90.58855438;Secondary_Growth
90;90.58855438;Mature_forest
95;90.0652771;Secondary_Growth
89;89.15386963;Mature_forest
95;89.15386963;Secondary_Growth
93;88.94052124;Secondary_Growth
95;85.6584549;Mature_forest
95;91.01913452;Mature_forest
90;91.48760223;Mature_forest
95;90.88694;Mature_forest
89;91.36894989;Mature_forest
95;91.36894989;Secondary_Growth
90;91.36894989;Mature_forest
90;91.36894989;Mature_forest
90;88.92657471;Mature_forest
90;90.58855438;Mature_forest
90;90.58855438;Secondary_Growth
90;90.58855438;Secondary_Growth
89;90.0652771;Secondary_Growth
90;89.15386963;Secondary_Growth
90;89.15386963;Secondary_Growth
93;88.94052124;Secondary_Growth
90;88.94052124;Mature_forest
17;85.6584549;Mature_forest
95;85.6584549;Mature_forest
95;85.6584549;Secondary_Growth
81;83.57977295;Forest_fragment/Riparian_strip
44;80.27516174;Secondary_Growth
90;80.27516174;Mature_forest
90;81.46889496;Mature_forest
90;81.46889496;Mature_forest
90;78.89599609;Mature_forest
46;64.14103699;Forest_fragment/Riparian_strip
44;64.14103699;Secondary_Growth
90;54.5357666;Forest_fragment/Riparian_strip
90;85.6584549;Mature_forest
95;81.26563263;Secondary_Growth
95;81.26563263;Mature_forest
95;81.26563263;Secondary_Growth
95;81.26563263;Secondary_Growth
90;73.49623108;Secondary_Growth
90;73.49623108;Mature_forest
90;73.49623108;Mature_forest
90;85.66732025;Secondary_Growth
95;85.66732025;Mature_forest
90;85.66732025;Secondary_Growth
95;85.66732025;Secondary_Growth
95;85.66732025;Mature_forest
95;85.69706726;Mature_forest
95;91.19317627;Mature_forest
95;91.19317627;Mature_forest
95;91.19317627;Mature_forest
95;91.19317627;Secondary_Growth
90;91.19317627;Mature_forest
95;91.19317627;Mature_forest
90;92.50920105;Mature_forest
95;92.61013794;Mature_forest
90;92.61013794;Mature_forest
90;92.61013794;Mature_forest
98;79.29582977;Secondary_Growth
76;79.29582977;Secondary_Growth
74;79.29582977;Mature_forest
90;79.29582977;Mature_forest
89;91.29969788;Mature_forest
90;91.29969788;Secondary_Growth
77;91.29969788;Mature_forest
90;91.29969788;Mature_forest
44;91.64938354;Secondary_Growth
90;91.64938354;Mature_forest
95;91.64938354;Mature_forest
91;91.64938354;Mature_forest
95;91.87703705;Mature_forest
90;91.87703705;Mature_forest
90;91.87703705;Mature_forest
90;86.66078949;Secondary_Growth
95;86.66078949;Secondary_Growth
95;86.66078949;Mature_forest
91;86.66078949;Mature_forest
95;86.66078949;Mature_forest
82;86.66078949;Secondary_Growth
60;91.71636963;Mature_forest
90;91.87703705;Mature_forest
90;91.87703705;Mature_forest
90;91.87703705;Mature_forest
90;91.87703705;Mature_forest
90;91.87703705;Mature_forest
90;89.09527588;Mature_forest
90;86.40930176;Secondary_Growth
93;86.40930176;Mature_forest
90;89.09527588;Mature_forest
90;89.09527588;Mature_forest
90;89.09527588;Mature_forest
93;90.76593781;Mature_forest
90;90.76593781;Mature_forest
92;90.76593781;Mature_forest
93;90.76593781;Mature_forest
90;90.76593781;Mature_forest
95;90.76593781;Mature_forest
89;90.76593781;Secondary_Growth
95;91.80039215;Mature_forest
90;73.64570618;Mature_forest
90;80.31226349;Mature_forest
75;80.31226349;Mature_forest
63;80.31226349;Mature_forest
86;80.31226349;Mature_forest
90;80.31226349;Mature_forest
81;83.1181488;Secondary_Growth
90;83.1181488;Secondary_Growth
60;83.1181488;Mature_forest
68;83.1181488;Mature_forest
90;77.89211273;Mature_forest
90;77.89211273;Mature_forest
90;81.58778381;Mature_forest
90;81.58778381;Mature_forest
72;81.58778381;Mature_forest
90;80.80241394;Forest_fragment/Riparian_strip
95;80.80241394;Forest_fragment/Riparian_strip
90;80.80241394;Forest_fragment/Riparian_strip
90;80.80241394;Mature_forest
0;80.80241394;Forest_fragment/Riparian_strip
99;86.09531403;Mature_forest
99;86.09531403;Mature_forest
95;81.40219116;Mature_forest
95;81.40219116;Mature_forest
95;81.40219116;Secondary_Growth
95;86.09531403;Mature_forest
95;81.40219116;Shade_coffee
51;81.40219116;Shade_coffee
0;81.40219116;Shade_coffee
95;73.49623108;Secondary_Growth
95;81.26563263;Secondary_Growth
95;81.26563263;Secondary_Growth
95;81.26563263;Secondary_Growth
90;73.49623108;Secondary_Growth
90;73.49623108;Secondary_Growth
90;73.49623108;Mature_forest
90;85.66732025;Secondary_Growth
90;85.66732025;Secondary_Growth
90;85.66732025;Mature_forest
95;85.66732025;Mature_forest
90;85.66732025;Mature_forest
99;85.66732025;Secondary_Growth
100;85.69706726;Secondary_Growth
95;85.69706726;Secondary_Growth
95;91.19317627;Secondary_Growth
95;91.19317627;Secondary_Growth
95;91.19317627;Mature_forest
95;91.19317627;Mature_forest
90;91.19317627;Secondary_Growth
95;91.19317627;Mature_forest
90;92.50920105;Mature_forest
90;92.61013794;Mature_forest
90;92.61013794;Mature_forest
90;92.61013794;Mature_forest
93;92.61013794;Mature_forest
93;79.29582977;Secondary_Growth
89;79.29582977;Secondary_Growth
71;79.29582977;Mature_forest
90;79.29582977;Mature_forest
90;79.29582977;Secondary_Growth
90;79.29582977;Mature_forest
89;91.29969788;Mature_forest
99;91.29969788;Mature_forest
90;91.64938354;Secondary_Growth
90;91.64938354;Secondary_Growth
95;91.64938354;Secondary_Growth
90;91.64938354;Mature_forest
74;91.87703705;Mature_forest
90;91.87703705;Mature_forest
90;91.87703705;Mature_forest
90;83.84040833;Mature_forest
95;86.66078949;Secondary_Growth
95;86.66078949;Secondary_Growth
91;86.66078949;Secondary_Growth
72;86.66078949;Secondary_Growth
90;86.66078949;Secondary_Growth
60;86.66078949;Secondary_Growth
61;91.87703705;Secondary_Growth
90;91.87703705;Secondary_Growth
90;91.87703705;Mature_forest
90;91.87703705;Mature_forest
90;91.87703705;Mature_forest
90;91.87703705;Mature_forest
90;91.87703705;Mature_forest
95;89.09527588;Mature_forest
95;86.40930176;Secondary_Growth
90;86.40930176;Secondary_Growth
90;86.40930176;Mature_forest
90;89.09527588;Mature_forest
90;89.09527588;Mature_forest
90;89.09527588;Secondary_Growth
95;90.76593781;Mature_forest
95;90.76593781;Mature_forest
95;90.76593781;Mature_forest
90;90.76593781;Mature_forest
93;90.76593781;Secondary_Growth
95;91.80039215;Mature_forest
60;80.31226349;Mature_forest
77;83.1181488;Mature_forest
85;83.1181488;Secondary_Growth
90;83.1181488;Secondary_Growth
81;83.1181488;Mature_forest
71;83.1181488;Mature_forest
89;77.89211273;Mature_forest
72;81.58778381;Mature_forest
90;81.58778381;Mature_forest
85;81.58778381;Mature_forest
89;79.23023987;Forest_fragment/Riparian_strip
95;80.80241394;Secondary_Growth
90;80.80241394;Forest_fragment/Riparian_strip
93;80.80241394;Secondary_Growth
92;80.80241394;Forest_fragment/Riparian_strip
90;80.80241394;Forest_fragment/Riparian_strip
95;86.09531403;Mature_forest
95;86.09531403;Mature_forest
95;81.40219116;Mature_forest
95;81.40219116;Shade_coffee
95;86.09531403;Secondary_Growth
97;81.40219116;Mature_forest
95;79.12628174;Shade_coffee
95;79.12628174;Shade_coffee
95;79.12628174;Shade_coffee
68;79.12628174;Shade_coffee
95;79.12628174;Shade_coffee
91;79.12628174;Shade_coffee
90;79.4533844;Live_Fence/Pasture
95;79.4533844;Shade_coffee
90;79.4533844;Forest_fragment/Riparian_strip
68;79.4533844;Forest_fragment/Riparian_strip
95;79.4533844;Shade_coffee
95;79.4533844;Shade_coffee
95;75.0851593;Shade_coffee
82;75.0851593;Shade_coffee
94;79.4533844;Shade_coffee
82;79.12628174;Shade_coffee
56;79.12628174;Live_Fence/Pasture
82;77.29299927;Shade_coffee
89;88.98243713;Mature_forest
68;88.98243713;Mature_forest
89;90.60147095;Secondary_Growth
89;90.85016632;Secondary_Growth
92;90.85016632;Secondary_Growth
90;92.28081512;Mature_forest
95;89.4444809;Mature_forest
32;89.4444809;Live_Fence/Pasture
90;89.4444809;Mature_forest
67;90.28385162;Mature_forest
90;90.28385162;Mature_forest
90;90.28385162;Live_Fence/Pasture
68;74.22852325;Mature_forest
10;78.9829483;Secondary_Growth
97;78.9829483;Mature_forest
99;74.22852325;Mature_forest
92;79.53808594;Secondary_Growth
0;74.22852325;Secondary_Growth
89;71.57424927;Mature_forest
0;71.57424927;Secondary_Growth
95;71.57424927;Mature_forest
26;71.57424927;Secondary_Growth
98;71.57424927;Mature_forest
15;60.95753098;Forest_fragment/Riparian_strip
89;79.35671997;Mature_forest
90;87.10770416;Mature_forest
98;87.10770416;Mature_forest
90;87.10770416;Mature_forest
90;88.14265442;Mature_forest
90;88.14265442;Secondary_Growth
74;88.14265442;Mature_forest
94;88.14265442;Secondary_Growth
90;88.14265442;Mature_forest
90;88.3990097;Mature_forest
90;87.48184967;Mature_forest
90;87.48184967;Mature_forest
90;71.38269043;Forest_fragment/Riparian_strip
95;60.79270172;Forest_fragment/Riparian_strip
90;60.53300858;Forest_fragment/Riparian_strip
90;60.53300858;Forest_fragment/Riparian_strip
71;67.51037598;Forest_fragment/Riparian_strip
30;79.06358337;Live_Fence/Pasture
74;85.40753174;Forest_fragment/Riparian_strip
95;85.40753174;Mature_forest
76;84.33590698;Forest_fragment/Riparian_strip
74;84.33590698;Forest_fragment/Riparian_strip
76;84.58888245;Forest_fragment/Riparian_strip
0;57.46756363;Live_Fence/Pasture
39;33.75167084;Live_Fence/Pasture
29;33.75167084;Forest_fragment/Riparian_strip
47;57.46756363;Sun_coffee
0;57.46756363;Live_Fence/Pasture
81;60.0082283;Shade_coffee
82;60.0082283;Forest_fragment/Riparian_strip
43;60.0082283;Sun_coffee
78;60.0082283;Shade_coffee
78;60.0082283;Live_Fence/Pasture
39;60.0082283;Live_Fence/Pasture
90;60.0082283;Secondary_Growth
31;43.00318146;Secondary_Growth
90;43.00318146;Secondary_Growth
34;13.82694626;Mature_forest
2;13.82694626;Mature_forest
95;13.82694626;Mature_forest
0;13.82694626;Live_Fence/Pasture
44;13.82694626;Forest_fragment/Riparian_strip
90;80.50391388;Mature_forest
90;80.50391388;Mature_forest
90;80.50391388;Mature_forest
90;85.10045624;Mature_forest
90;85.10045624;Mature_forest
77;85.10045624;Mature_forest
90;85.10045624;Mature_forest
90;84.04781342;Mature_forest
90;84.04781342;Mature_forest
93;84.04781342;Mature_forest
90;84.04781342;Mature_forest
90;84.04781342;Mature_forest
99;84.04781342;Mature_forest
99;94.22180176;Mature_forest
99;94.22180176;Mature_forest
99;94.22180176;Mature_forest
100;94.22180176;Mature_forest
98;93.99333191;Mature_forest
100;94.22180176;Mature_forest
100;93.99333191;Mature_forest
99;94.22180176;Mature_forest
97;93.99333191;Mature_forest
89;94.22180176;Secondary_Growth
97;94.22180176;Mature_forest
100;94.22180176;Mature_forest
98;93.99333191;Mature_forest
96;93.99333191;Secondary_Growth
97;93.99333191;Mature_forest
98;93.99333191;Mature_forest
100;86.99269867;Secondary_Growth
77;81.15071869;Secondary_Growth
94;81.15071869;Mature_forest
95;81.15071869;Mature_forest
95;81.15071869;Secondary_Growth
95;82.6232605;Mature_forest
93;82.27616119;Mature_forest
93;82.27616119;Mature_forest
94;82.27616119;Secondary_Growth
92;82.27616119;Shade_coffee
95;82.27616119;Mature_forest
95;82.27616119;Mature_forest
95;82.27616119;Mature_forest
95;82.27616119;Secondary_Growth
95;82.6232605;Mature_forest
95;82.6232605;Mature_forest
95;82.6232605;Forest_fragment/Riparian_strip
0;81.15071869;Secondary_Growth
48;81.15071869;Shade_coffee
95;79.91126251;Mature_forest
79;81.15071869;Forest_fragment/Riparian_strip
95;77.69371796;Mature_forest
95;77.69371796;Secondary_Growth
95;79.70714569;Mature_forest
95;79.70714569;Mature_forest
86;84.88172913;Secondary_Growth
67;84.88172913;Secondary_Growth
63;84.88172913;Live_Fence/Pasture
90;84.88172913;Secondary_Growth
90;84.88172913;Secondary_Growth
90;84.88172913;Secondary_Growth
86;84.69692993;Mature_forest
90;75.46002197;Secondary_Growth
82;75.46002197;Secondary_Growth
82;75.46002197;Secondary_Growth
77;75.46002197;Secondary_Growth
95;67.98117828;Secondary_Growth
95;67.98117828;Mature_forest
95;67.98117828;Mature_forest
99;67.98117828;Mature_forest
100;67.98117828;Mature_forest
100;67.98117828;Mature_forest
98;67.98117828;Mature_forest
95;75.11575317;Mature_forest
95;75.11575317;Secondary_Growth
82;75.11575317;Secondary_Growth
100;75.11575317;Mature_forest
99;75.11575317;Secondary_Growth
90;75.11575317;Forest_fragment/Riparian_strip
91;81.13928986;Mature_forest
66;88.31851959;Secondary_Growth
90;88.31851959;Secondary_Growth
90;87.16716003;Mature_forest
37;87.16716003;Secondary_Growth
71;82.71882629;Mature_forest
0;82.71882629;Mature_forest
71;82.71882629;Mature_forest
81;82.71882629;Mature_forest
95;82.77727509;Mature_forest
94;82.77727509;Mature_forest
90;88.29657745;Mature_forest
95;88.45529175;Mature_forest
95;88.45529175;Mature_forest
80;89.46035767;Mature_forest
95;85.25514984;Mature_forest
95;85.25514984;Mature_forest
90;85.25514984;Mature_forest
72;85.25514984;Secondary_Growth
95;86.56800079;Mature_forest
90;86.56800079;Mature_forest
90;86.56800079;Secondary_Growth
77;79.04889679;Secondary_Growth
90;64.64774323;Shade_coffee
90;72.36672211;Shade_coffee
90;72.36672211;Secondary_Growth
90;72.36672211;Shade_coffee
90;72.36672211;Shade_coffee
90;72.36672211;Shade_coffee
90;72.36672211;Shade_coffee
90;69.45988464;Shade_coffee
90;72.16950989;Shade_coffee
90;72.36672211;Shade_coffee
94;72.36672211;Shade_coffee
94;72.36672211;Shade_coffee
90;72.36672211;Shade_coffee
90;53.3774147;Shade_coffee
10;53.3774147;Shade_coffee
90;53.3774147;Shade_coffee
34;64.64774323;Shade_coffee
44;64.64774323;Shade_coffee
43;64.64774323;Shade_coffee
90;64.64774323;Shade_coffee
4;53.3774147;Live_Fence/Pasture
0;63.19145203;Sun_coffee
0;53.3774147;Shade_coffee
90;53.3774147;Shade_coffee
90;53.3774147;Shade_coffee
70;53.3774147;Shade_coffee
90;53.3774147;Shade_coffee
0;53.3774147;Live_Fence/Pasture
90;53.3774147;Shade_coffee
82;53.3774147;Shade_coffee
59;72.36672211;Shade_coffee
52;72.36672211;Shade_coffee
90;72.36672211;Shade_coffee
76;47.32069778;Forest_fragment/Riparian_strip
76;66.88504791;Secondary_Growth
90;66.88504791;Mature_forest
90;66.88504791;Mature_forest
90;66.88504791;Secondary_Growth
90;66.88504791;Mature_forest
95;73.08895874;Secondary_Growth
90;90.44792175;Mature_forest
95;90.44792175;Secondary_Growth
90;90.44792175;Mature_forest
95;90.44792175;Mature_forest
93;90.44792175;Mature_forest
90;90.44792175;Secondary_Growth
90;90.44792175;Secondary_Growth
95;90.44792175;Mature_forest
95;90.44792175;Secondary_Growth
95;90.44792175;Secondary_Growth
95;89.55482483;Mature_forest
90;58.45341492;Forest_fragment/Riparian_strip
90;58.45341492;Forest_fragment/Riparian_strip
76;58.45341492;Shade_coffee
14;58.45341492;Live_Fence/Pasture
0;58.45341492;Live_Fence/Pasture
77;58.45341492;Shade_coffee
90;58.45341492;Shade_coffee
0;71.43783569;Live_Fence/Pasture
74;71.43783569;Shade_coffee
90;62.77673721;Shade_coffee
60;62.77673721;Shade_coffee
54;62.77673721;Shade_coffee
74;62.77673721;Live_Fence/Pasture
72;69.42925262;Shade_coffee
80;69.42925262;Shade_coffee
74;69.42925262;Live_Fence/Pasture
95;62.77673721;Shade_coffee
75;69.42925262;Shade_coffee
90;69.42925262;Live_Fence/Pasture
21;69.42925262;Shade_coffee
95;90.16953278;Mature_forest
95;90.16953278;Mature_forest
90;90.16953278;Mature_forest
95;90.16953278;Mature_forest
95;91.12931824;Mature_forest
97;91.12931824;Mature_forest
90;91.12931824;Mature_forest
95;91.12931824;Mature_forest
95;91.12931824;Mature_forest
90;91.12931824;Mature_forest
90;91.12931824;Mature_forest
90;91.12931824;Mature_forest
90;91.37001801;Mature_forest
85;91.37001801;Mature_forest
95;91.37001801;Secondary_Growth
95;91.37001801;Secondary_Growth
90;91.37001801;Secondary_Growth
95;91.37001801;Mature_forest
90;91.45491791;Mature_forest
94;91.45491791;Secondary_Growth
91;90.24169922;Mature_forest
74;82.29673004;Forest_fragment/Riparian_strip
79;82.29673004;Secondary_Growth
95;82.29673004;Shade_coffee
95;82.29673004;Shade_coffee
79;82.29673004;Forest_fragment/Riparian_strip
95;82.29673004;Forest_fragment/Riparian_strip
94;82.29673004;Shade_coffee
94;90.47718048;Mature_forest
58;90.47718048;Mature_forest
72;88.87426758;Mature_forest
95;88.87426758;Mature_forest
95;88.87426758;Secondary_Growth
95;88.87426758;Secondary_Growth
95;88.87426758;Secondary_Growth
95;88.27159882;Mature_forest
95;88.27159882;Mature_forest
95;88.52082062;Secondary_Growth
95;88.27159882;Mature_forest
60;88.27159882;Secondary_Growth
90;88.27159882;Mature_forest
51;88.14643097;Secondary_Growth
98;88.14643097;Secondary_Growth
73;86.95296478;Mature_forest
90;86.95296478;Secondary_Growth
0;86.95296478;Mature_forest
75;78.74823761;Secondary_Growth
95;87.81904602;Mature_forest
95;87.81904602;Secondary_Growth
95;87.81904602;Mature_forest
95;87.81904602;Mature_forest
95;87.81904602;Mature_forest
95;87.81904602;Mature_forest
95;93.27297211;Mature_forest
95;93.27297211;Mature_forest
95;93.27297211;Mature_forest
89;93.98269653;Mature_forest
95;93.98269653;Mature_forest
95;92.28287506;Mature_forest
95;93.98269653;Mature_forest
95;93.98269653;Mature_forest
90;82.39964294;Shade_coffee
91;81.5065918;Forest_fragment/Riparian_strip
89;81.5065918;Shade_coffee
95;88.21117401;Secondary_Growth
95;88.21117401;Secondary_Growth
91;88.21117401;Mature_forest
94;88.21117401;Mature_forest
95;86.16864777;Mature_forest
95;86.16864777;Mature_forest
95;86.16864777;Mature_forest
95;88.76998138;Secondary_Growth
95;85.18437195;Sun_coffee
86;85.18437195;Sun_coffee
14;82.43190765;Mature_forest
90;82.43190765;Mature_forest
90;82.43190765;Secondary_Growth
94;90.58268738;Secondary_Growth
95;87.54074097;Secondary_Growth
97;87.54074097;Mature_forest
95;87.54074097;Mature_forest
90;87.54074097;Mature_forest
90;87.54074097;Mature_forest
95;87.54074097;Secondary_Growth
90;87.54074097;Mature_forest
90;88.05738831;Mature_forest
90;88.05738831;Mature_forest
78;62.10979462;Secondary_Growth
90;62.10979462;Secondary_Growth
0;50.11223602;Live_Fence/Pasture
90;62.10979462;Shade_coffee
59;62.10979462;Secondary_Growth
38;50.11223602;Sun_coffee
12;50.11223602;Live_Fence/Pasture
5;50.11223602;Live_Fence/Pasture
76;50.11223602;Live_Fence/Pasture
35;50.11223602;Live_Fence/Pasture
57;65.32241821;Live_Fence/Pasture
76;50.11223602;Live_Fence/Pasture
34;50.11223602;Live_Fence/Pasture
99;94.22180176;Mature_forest
96;98.4627533;Mature_forest
100;98.4627533;Mature_forest
97;98.4627533;Secondary_Growth
100;98.4627533;Secondary_Growth
100;98.4627533;Secondary_Growth
99;98.4627533;Mature_forest
99;98.4627533;Mature_forest
100;98.4627533;Mature_forest
97;95.00734711;Mature_forest
100;98.4627533;Mature_forest
100;98.4627533;Mature_forest
100;98.4627533;Mature_forest
99;95.00734711;Mature_forest
40;81.15071869;Secondary_Growth
9;81.15071869;Secondary_Growth
95;77.69371796;Mature_forest
95;79.70714569;Secondary_Growth
90;79.70714569;Secondary_Growth
90;84.88172913;Secondary_Growth
90;84.88172913;Secondary_Growth
76;84.88172913;Secondary_Growth
80;84.88172913;Secondary_Growth
95;84.88172913;Secondary_Growth
90;84.88172913;Secondary_Growth
89;84.88172913;Mature_forest
89;84.88172913;Mature_forest
90;80.82414246;Secondary_Growth
90;80.82414246;Secondary_Growth
94;67.98117828;Secondary_Growth
95;67.98117828;Secondary_Growth
94;67.98117828;Secondary_Growth
76;67.98117828;Secondary_Growth
100;67.98117828;Secondary_Growth
100;67.98117828;Mature_forest
98;67.98117828;Mature_forest
98;75.11575317;Mature_forest
99;75.11575317;Mature_forest
99;75.11575317;Secondary_Growth
99;75.11575317;Secondary_Growth
90;75.11575317;Secondary_Growth
90;81.13928986;Secondary_Growth
95;81.13928986;Secondary_Growth
95;88.31851959;Secondary_Growth
95;88.31851959;Secondary_Growth
90;87.16716003;Secondary_Growth
50;87.16716003;Secondary_Growth
76;82.71882629;Secondary_Growth
79;82.71882629;Mature_forest
71;82.71882629;Mature_forest
90;82.77727509;Mature_forest
74;82.77727509;Mature_forest
90;88.29657745;Mature_forest
90;88.29657745;Mature_forest
95;88.45529175;Secondary_Growth
95;88.45529175;Secondary_Growth
90;88.45529175;Mature_forest
90;85.25514984;Mature_forest
90;85.25514984;Mature_forest
66;85.25514984;Mature_forest
90;79.04889679;Secondary_Growth
95;86.56800079;Secondary_Growth
90;86.56800079;Mature_forest
90;79.04889679;Mature_forest
90;82.43190765;Secondary_Growth
94;82.43190765;Secondary_Growth
69;82.43190765;Secondary_Growth
90;82.43190765;Secondary_Growth
94;82.43190765;Secondary_Growth
95;87.54074097;Secondary_Growth
95;87.54074097;Secondary_Growth
95;87.54074097;Secondary_Growth
95;87.54074097;Mature_forest
90;87.54074097;Mature_forest
90;87.54074097;Mature_forest
95;87.54074097;Secondary_Growth
90;87.54074097;Mature_forest
90;87.54074097;Mature_forest
99;88.05738831;Mature_forest
90;88.05738831;Mature_forest
90;88.05738831;Mature_forest
82;62.10979462;Secondary_Growth
95;62.10979462;Mature_forest
78;50.11223602;Shade_coffee
90;62.10979462;Shade_coffee
82;62.10979462;Shade_coffee
9;62.10979462;Live_Fence/Pasture
22;62.10979462;Live_Fence/Pasture
63;62.10979462;Shade_coffee
46;62.10979462;Secondary_Growth
15;62.10979462;Sun_coffee
74;62.10979462;Shade_coffee
65;62.10979462;Sun_coffee
89;79.35671997;Mature_forest
90;87.10770416;Mature_forest
90;87.10770416;Mature_forest
74;87.10770416;Mature_forest
90;87.10770416;Mature_forest
96;87.10770416;Mature_forest
90;88.14265442;Mature_forest
92;88.14265442;Secondary_Growth
90;88.14265442;Secondary_Growth
72;88.14265442;Mature_forest
90;87.48184967;Mature_forest
90;87.48184967;Mature_forest
90;87.48184967;Mature_forest
72;87.48184967;Mature_forest
81;71.38269043;Forest_fragment/Riparian_strip
90;60.79270172;Forest_fragment/Riparian_strip
6;60.53300858;Secondary_Growth
90;60.53300858;Mature_forest
90;67.51037598;Secondary_Growth
76;79.06358337;Secondary_Growth
75;85.40753174;Forest_fragment/Riparian_strip
95;85.40753174;Forest_fragment/Riparian_strip
90;84.33590698;Mature_forest
90;84.33590698;Forest_fragment/Riparian_strip
89;84.33590698;Forest_fragment/Riparian_strip
90;43.00318146;Shade_coffee
90;43.00318146;Sun_coffee
79;67.80950928;Shade_coffee
0;67.80950928;Forest_fragment/Riparian_strip
6;67.80950928;Secondary_Growth
0;67.80950928;Shade_coffee
81;67.80950928;Sun_coffee
83;67.80950928;Shade_coffee
81;67.80950928;Mature_forest
90;67.80950928;Shade_coffee
79;67.80950928;Sun_coffee
73;43.00318146;Live_Fence/Pasture
0;43.00318146;Live_Fence/Pasture
0;13.82694626;Mature_forest
89;13.82694626;Mature_forest
83;13.82694626;Mature_forest
95;13.82694626;Mature_forest
0;13.82694626;Forest_fragment/Riparian_strip
37;13.82694626;Forest_fragment/Riparian_strip
20;13.82694626;Forest_fragment/Riparian_strip
81;80.50391388;Mature_forest
75;80.50391388;Mature_forest
90;80.50391388;Mature_forest
90;85.10045624;Mature_forest
90;85.10045624;Mature_forest
90;85.10045624;Mature_forest
90;84.04781342;Mature_forest
90;84.04781342;Mature_forest
93;84.04781342;Mature_forest
90;84.04781342;Mature_forest
95;84.04781342;Mature_forest
82;84.04781342;Mature_forest
93;88.98243713;Mature_forest
90;88.98243713;Mature_forest
76;88.98243713;Secondary_Growth
68;88.98243713;Mature_forest
85;90.60147095;Mature_forest
95;90.85016632;Secondary_Growth
85;90.85016632;Secondary_Growth
90;90.85016632;Mature_forest
76;89.4444809;Secondary_Growth
17;89.4444809;Mature_forest
89;90.28385162;Secondary_Growth
51;90.28385162;Secondary_Growth
90;90.28385162;Secondary_Growth
0;74.22852325;Secondary_Growth
90;79.5587616;Mature_forest
58;78.9829483;Secondary_Growth
97;79.53808594;Secondary_Growth
97;74.22852325;Mature_forest
83;74.22852325;Mature_forest
48;64.69204712;Secondary_Growth
55;71.57424927;Secondary_Growth
91;71.57424927;Mature_forest
98;71.57424927;Mature_forest
13;71.57424927;Secondary_Growth
98;71.57424927;Mature_forest
98;71.57424927;Mature_forest
90;88.14643097;Secondary_Growth
93;88.14643097;Secondary_Growth
90;88.14643097;Secondary_Growth
89;88.14643097;Mature_forest
63;86.95296478;Secondary_Growth
45;86.95296478;Secondary_Growth
89;78.74823761;Secondary_Growth
96;78.74823761;Mature_forest
95;87.81904602;Mature_forest
95;87.81904602;Mature_forest
99;87.81904602;Mature_forest
95;87.81904602;Mature_forest
97;87.81904602;Mature_forest
95;93.27297211;Mature_forest
97;93.27297211;Mature_forest
95;93.27297211;Mature_forest
95;93.27297211;Mature_forest
95;93.98269653;Mature_forest
97;93.98269653;Mature_forest
95;93.98269653;Mature_forest
95;93.98269653;Mature_forest
76;81.5065918;Sun_coffee
95;81.5065918;Forest_fragment/Riparian_strip
72;81.5065918;Sun_coffee
90;88.21117401;Secondary_Growth
95;88.21117401;Mature_forest
95;88.21117401;Mature_forest
94;88.21117401;Mature_forest
97;88.21117401;Mature_forest
95;86.16864777;Mature_forest
95;86.16864777;Mature_forest
90;86.16864777;Mature_forest
99;88.76998138;Mature_forest
95;88.76998138;Secondary_Growth
90;85.18437195;Secondary_Growth
99;85.18437195;Sun_coffee
90;85.6584549;Mature_forest
81;85.6584549;Secondary_Growth
95;83.57977295;Secondary_Growth
71;80.27516174;Secondary_Growth
61;80.27516174;Secondary_Growth
81;81.46889496;Secondary_Growth
90;81.46889496;Secondary_Growth
90;81.46889496;Secondary_Growth
86;64.14103699;Secondary_Growth
40;64.14103699;Secondary_Growth
77;64.14103699;Secondary_Growth
95;85.6584549;Secondary_Growth
37;23.09507751;Paramo
93;23.09507751;Paramo
66;55.87391663;Paramo
13;55.87391663;Paramo
57;55.87391663;Paramo
47;55.87391663;Paramo
44;55.87391663;Paramo
14;55.87391663;Paramo
71;55.87391663;Paramo
7;55.87391663;Paramo
36;35.71627045;Paramo
47;35.71627045;Paramo
34;35.71627045;Paramo
68;35.71627045;Paramo
0;35.71627045;Paramo
63;35.71627045;Paramo
73;35.71627045;Paramo
69;48.77608871;Paramo
0;1.89098084;Paramo
0;1.89098084;Paramo
0;1.89098084;Paramo
44;1.89098084;Paramo
0;1.013773084;Paramo
0;1.89098084;Paramo
86;50.69686508;Mature_forest
62;50.69686508;Mature_forest
63;50.69686508;Mature_forest
0;54.04579163;Mature_forest
45;62.62576294;Secondary_Growth
0;43.87380219;Mature_forest
0;36.19743729;Paramo
0;36.19743729;Paramo
0;50.69686508;Mature_forest
0;50.69686508;Mature_forest
78;54.04579163;Mature_forest
87;54.04579163;Mature_forest
0;43.87380219;Mature_forest
0;36.19743729;Mature_forest
0;38.29496765;Paramo
72;50.69686508;Mature_forest
59;50.69686508;Mature_forest
68;54.04579163;Mature_forest
62;54.04579163;Mature_forest
0;43.87380219;Mature_forest
44;36.19743729;Paramo
0;38.29496765;Paramo