state_abbr,STATE,COUNTY,year,daily_snow_county_max,group,DATE,month,daily_snow_county,daily_snow_county_inch,daily_snow_county_z,group_label,panel,day,new_date,max_z,max_snow
CA,6,107,2011,902,1,1-Jan-11,1,2.5,0.1,-0.237,State: CA / County: 107 / Year: 2011,1,1,1-Jan,11.245,35.51
CA,6,107,2011,902,1,2-Jan-11,1,482.5,19,5.89,State: CA / County: 107 / Year: 2011,1,2,2-Jan,11.245,35.51
CA,6,107,2011,902,1,3-Jan-11,1,285.5,11.24,3.376,State: CA / County: 107 / Year: 2011,1,3,3-Jan,11.245,35.51
CA,6,107,2011,902,1,4-Jan-11,1,12.8,0.5,-0.106,State: CA / County: 107 / Year: 2011,1,4,4-Jan,11.245,35.51
CA,6,107,2011,902,1,5-Jan-11,1,0,0,-0.269,State: CA / County: 107 / Year: 2011,1,5,5-Jan,11.245,35.51
CA,6,107,2011,902,1,6-Jan-11,1,0,0,-0.269,State: CA / County: 107 / Year: 2011,1,6,6-Jan,11.245,35.51
CA,6,107,2011,902,1,7-Jan-11,1,0,0,-0.269,State: CA / County: 107 / Year: 2011,1,7,7-Jan,11.245,35.51
CA,6,107,2011,902,1,8-Jan-11,1,0,0,-0.269,State: CA / County: 107 / Year: 2011,1,8,8-Jan,11.245,35.51
CA,6,107,2011,902,1,9-Jan-11,1,0,0,-0.269,State: CA / County: 107 / Year: 2011,1,9,9-Jan,11.245,35.51
CA,6,107,2011,902,1,10-Jan-11,1,0,0,-0.269,State: CA / County: 107 / Year: 2011,1,10,10-Jan,11.245,35.51
CA,6,107,2011,902,1,11-Jan-11,1,3.2,0.13,-0.228,State: CA / County: 107 / Year: 2011,1,11,11-Jan,11.245,35.51
CA,6,107,2011,902,1,12-Jan-11,1,0,0,-0.269,State: CA / County: 107 / Year: 2011,1,12,12-Jan,11.245,35.51
CA,6,107,2011,902,1,13-Jan-11,1,0,0,-0.269,State: CA / County: 107 / Year: 2011,1,13,13-Jan,11.245,35.51
CA,6,107,2011,902,1,14-Jan-11,1,0,0,-0.269,State: CA / County: 107 / Year: 2011,1,14,14-Jan,11.245,35.51
CA,6,107,2011,902,1,15-Jan-11,1,0,0,-0.269,State: CA / County: 107 / Year: 2011,1,15,15-Jan,11.245,35.51
CA,6,107,2011,902,1,16-Jan-11,1,0,0,-0.269,State: CA / County: 107 / Year: 2011,1,16,16-Jan,11.245,35.51
CA,6,107,2011,902,1,17-Jan-11,1,0,0,-0.269,State: CA / County: 107 / Year: 2011,1,17,17-Jan,11.245,35.51
CA,6,107,2011,902,1,18-Jan-11,1,0,0,-0.269,State: CA / County: 107 / Year: 2011,1,18,18-Jan,11.245,35.51
CA,6,107,2011,902,1,19-Jan-11,1,0,0,-0.269,State: CA / County: 107 / Year: 2011,1,19,19-Jan,11.245,35.51
CA,6,107,2011,902,1,20-Jan-11,1,0,0,-0.269,State: CA / County: 107 / Year: 2011,1,20,20-Jan,11.245,35.51
CA,6,107,2011,902,1,21-Jan-11,1,0,0,-0.269,State: CA / County: 107 / Year: 2011,1,21,21-Jan,11.245,35.51
CA,6,107,2011,902,1,22-Jan-11,1,0,0,-0.269,State: CA / County: 107 / Year: 2011,1,22,22-Jan,11.245,35.51
CA,6,107,2011,902,1,23-Jan-11,1,0,0,-0.269,State: CA / County: 107 / Year: 2011,1,23,23-Jan,11.245,35.51
CA,6,107,2011,902,1,24-Jan-11,1,0,0,-0.269,State: CA / County: 107 / Year: 2011,1,24,24-Jan,11.245,35.51
CA,6,107,2011,902,1,25-Jan-11,1,0,0,-0.269,State: CA / County: 107 / Year: 2011,1,25,25-Jan,11.245,35.51
CA,6,107,2011,902,1,26-Jan-11,1,0,0,-0.269,State: CA / County: 107 / Year: 2011,1,26,26-Jan,11.245,35.51
CA,6,107,2011,902,1,27-Jan-11,1,0,0,-0.269,State: CA / County: 107 / Year: 2011,1,27,27-Jan,11.245,35.51
CA,6,107,2011,902,1,28-Jan-11,1,0,0,-0.269,State: CA / County: 107 / Year: 2011,1,28,28-Jan,11.245,35.51
CA,6,107,2011,902,1,29-Jan-11,1,0,0,-0.269,State: CA / County: 107 / Year: 2011,1,29,29-Jan,11.245,35.51
CA,6,107,2011,902,1,30-Jan-11,1,55.3,2.18,0.437,State: CA / County: 107 / Year: 2011,1,30,30-Jan,11.245,35.51
CA,6,107,2011,902,1,31-Jan-11,1,120.5,4.74,1.269,State: CA / County: 107 / Year: 2011,1,31,31-Jan,11.245,35.51
CA,6,107,2011,902,1,1-Feb-11,2,0,0,-0.269,State: CA / County: 107 / Year: 2011,1,1,1-Feb,11.245,35.51
CA,6,107,2011,902,1,2-Feb-11,2,0,0,-0.269,State: CA / County: 107 / Year: 2011,1,2,2-Feb,11.245,35.51
CA,6,107,2011,902,1,3-Feb-11,2,0,0,-0.269,State: CA / County: 107 / Year: 2011,1,3,3-Feb,11.245,35.51
CA,6,107,2011,902,1,4-Feb-11,2,0,0,-0.269,State: CA / County: 107 / Year: 2011,1,4,4-Feb,11.245,35.51
CA,6,107,2011,902,1,5-Feb-11,2,0,0,-0.269,State: CA / County: 107 / Year: 2011,1,5,5-Feb,11.245,35.51
CA,6,107,2011,902,1,6-Feb-11,2,0,0,-0.269,State: CA / County: 107 / Year: 2011,1,6,6-Feb,11.245,35.51
CA,6,107,2011,902,1,7-Feb-11,2,0,0,-0.269,State: CA / County: 107 / Year: 2011,1,7,7-Feb,11.245,35.51
CA,6,107,2011,902,1,8-Feb-11,2,0,0,-0.269,State: CA / County: 107 / Year: 2011,1,8,8-Feb,11.245,35.51
CA,6,107,2011,902,1,9-Feb-11,2,0,0,-0.269,State: CA / County: 107 / Year: 2011,1,9,9-Feb,11.245,35.51
CA,6,107,2011,902,1,10-Feb-11,2,0,0,-0.269,State: CA / County: 107 / Year: 2011,1,10,10-Feb,11.245,35.51
CA,6,107,2011,902,1,11-Feb-11,2,0,0,-0.269,State: CA / County: 107 / Year: 2011,1,11,11-Feb,11.245,35.51
CA,6,107,2011,902,1,12-Feb-11,2,0,0,-0.269,State: CA / County: 107 / Year: 2011,1,12,12-Feb,11.245,35.51
CA,6,107,2011,902,1,13-Feb-11,2,0,0,-0.269,State: CA / County: 107 / Year: 2011,1,13,13-Feb,11.245,35.51
CA,6,107,2011,902,1,14-Feb-11,2,0,0,-0.269,State: CA / County: 107 / Year: 2011,1,14,14-Feb,11.245,35.51
CA,6,107,2011,902,1,15-Feb-11,2,0,0,-0.269,State: CA / County: 107 / Year: 2011,1,15,15-Feb,11.245,35.51
CA,6,107,2011,902,1,16-Feb-11,2,67.7,2.66,0.595,State: CA / County: 107 / Year: 2011,1,16,16-Feb,11.245,35.51
CA,6,107,2011,902,1,17-Feb-11,2,235,9.25,2.731,State: CA / County: 107 / Year: 2011,1,17,17-Feb,11.245,35.51
CA,6,107,2011,902,1,18-Feb-11,2,50.7,1.99,0.378,State: CA / County: 107 / Year: 2011,1,18,18-Feb,11.245,35.51
CA,6,107,2011,902,1,19-Feb-11,2,330.5,13.01,3.95,State: CA / County: 107 / Year: 2011,1,19,19-Feb,11.245,35.51
CA,6,107,2011,902,1,20-Feb-11,2,171.5,6.75,1.92,State: CA / County: 107 / Year: 2011,1,20,20-Feb,11.245,35.51
CA,6,107,2011,902,1,21-Feb-11,2,0,0,-0.269,State: CA / County: 107 / Year: 2011,1,21,21-Feb,11.245,35.51
CA,6,107,2011,902,1,22-Feb-11,2,0,0,-0.269,State: CA / County: 107 / Year: 2011,1,22,22-Feb,11.245,35.51
CA,6,107,2011,902,1,23-Feb-11,2,0,0,-0.269,State: CA / County: 107 / Year: 2011,1,23,23-Feb,11.245,35.51
CA,6,107,2011,902,1,24-Feb-11,2,0,0,-0.269,State: CA / County: 107 / Year: 2011,1,24,24-Feb,11.245,35.51
CA,6,107,2011,902,1,25-Feb-11,2,195,7.68,2.22,State: CA / County: 107 / Year: 2011,1,25,25-Feb,11.245,35.51
CA,6,107,2011,902,1,26-Feb-11,2,546,21.5,6.701,State: CA / County: 107 / Year: 2011,1,26,26-Feb,11.245,35.51
CA,6,107,2011,902,1,27-Feb-11,2,31.8,1.25,0.136,State: CA / County: 107 / Year: 2011,1,27,27-Feb,11.245,35.51
CA,6,107,2011,902,1,28-Feb-11,2,0,0,-0.269,State: CA / County: 107 / Year: 2011,1,28,28-Feb,11.245,35.51
CA,6,107,2011,902,1,1-Mar-11,3,0,0,-0.269,State: CA / County: 107 / Year: 2011,1,1,1-Mar,11.245,35.51
CA,6,107,2011,902,1,2-Mar-11,3,2,0.08,-0.243,State: CA / County: 107 / Year: 2011,1,2,2-Mar,11.245,35.51
CA,6,107,2011,902,1,3-Mar-11,3,1.7,0.07,-0.248,State: CA / County: 107 / Year: 2011,1,3,3-Mar,11.245,35.51
CA,6,107,2011,902,1,4-Mar-11,3,0,0,-0.269,State: CA / County: 107 / Year: 2011,1,4,4-Mar,11.245,35.51
CA,6,107,2011,902,1,5-Mar-11,3,0,0,-0.269,State: CA / County: 107 / Year: 2011,1,5,5-Mar,11.245,35.51
CA,6,107,2011,902,1,6-Mar-11,3,0,0,-0.269,State: CA / County: 107 / Year: 2011,1,6,6-Mar,11.245,35.51
CA,6,107,2011,902,1,7-Mar-11,3,38,1.5,0.216,State: CA / County: 107 / Year: 2011,1,7,7-Mar,11.245,35.51
CA,6,107,2011,902,1,8-Mar-11,3,9.5,0.37,-0.148,State: CA / County: 107 / Year: 2011,1,8,8-Mar,11.245,35.51
CA,6,107,2011,902,1,9-Mar-11,3,0,0,-0.269,State: CA / County: 107 / Year: 2011,1,9,9-Mar,11.245,35.51
CA,6,107,2011,902,1,10-Mar-11,3,0,0,-0.269,State: CA / County: 107 / Year: 2011,1,10,10-Mar,11.245,35.51
CA,6,107,2011,902,1,11-Mar-11,3,0,0,-0.269,State: CA / County: 107 / Year: 2011,1,11,11-Mar,11.245,35.51
CA,6,107,2011,902,1,12-Mar-11,3,0,0,-0.269,State: CA / County: 107 / Year: 2011,1,12,12-Mar,11.245,35.51
CA,6,107,2011,902,1,13-Mar-11,3,0,0,-0.269,State: CA / County: 107 / Year: 2011,1,13,13-Mar,11.245,35.51
CA,6,107,2011,902,1,14-Mar-11,3,0,0,-0.269,State: CA / County: 107 / Year: 2011,1,14,14-Mar,11.245,35.51
CA,6,107,2011,902,1,15-Mar-11,3,0,0,-0.269,State: CA / County: 107 / Year: 2011,1,15,15-Mar,11.245,35.51
CA,6,107,2011,902,1,16-Mar-11,3,0,0,-0.269,State: CA / County: 107 / Year: 2011,1,16,16-Mar,11.245,35.51
CA,6,107,2011,902,1,17-Mar-11,3,0,0,-0.269,State: CA / County: 107 / Year: 2011,1,17,17-Mar,11.245,35.51
CA,6,107,2011,902,1,18-Mar-11,3,0,0,-0.269,State: CA / County: 107 / Year: 2011,1,18,18-Mar,11.245,35.51
CA,6,107,2011,902,1,19-Mar-11,3,131.3,5.17,1.408,State: CA / County: 107 / Year: 2011,1,19,19-Mar,11.245,35.51
CA,6,107,2011,902,1,20-Mar-11,3,311,12.24,3.701,State: CA / County: 107 / Year: 2011,1,20,20-Mar,11.245,35.51
CA,6,107,2011,902,1,21-Mar-11,3,902,35.51,11.245,State: CA / County: 107 / Year: 2011,1,21,21-Mar,11.245,35.51
CA,6,107,2011,902,1,22-Mar-11,3,93,3.66,0.918,State: CA / County: 107 / Year: 2011,1,22,22-Mar,11.245,35.51
CA,6,107,2011,902,1,23-Mar-11,3,47.5,1.87,0.337,State: CA / County: 107 / Year: 2011,1,23,23-Mar,11.245,35.51
CA,6,107,2011,902,1,24-Mar-11,3,593,23.35,7.301,State: CA / County: 107 / Year: 2011,1,24,24-Mar,11.245,35.51
CA,6,107,2011,902,1,25-Mar-11,3,245.7,9.67,2.867,State: CA / County: 107 / Year: 2011,1,25,25-Mar,11.245,35.51
CA,6,107,2011,902,1,26-Mar-11,3,72,2.83,0.65,State: CA / County: 107 / Year: 2011,1,26,26-Mar,11.245,35.51
CA,6,107,2011,902,1,27-Mar-11,3,16.7,0.66,-0.056,State: CA / County: 107 / Year: 2011,1,27,27-Mar,11.245,35.51
CA,6,107,2011,902,1,28-Mar-11,3,0,0,-0.269,State: CA / County: 107 / Year: 2011,1,28,28-Mar,11.245,35.51
CA,6,107,2011,902,1,29-Mar-11,3,0,0,-0.269,State: CA / County: 107 / Year: 2011,1,29,29-Mar,11.245,35.51
CA,6,107,2011,902,1,30-Mar-11,3,0,0,-0.269,State: CA / County: 107 / Year: 2011,1,30,30-Mar,11.245,35.51
CA,6,107,2011,902,1,31-Mar-11,3,0,0,-0.269,State: CA / County: 107 / Year: 2011,1,31,31-Mar,11.245,35.51
CT,9,9,2013,800.25,2,1-Jan-13,1,0,0,-0.242,State: CT / County: 009 / Year: 2013,1,1,1-Jan,16.403,31.51
CT,9,9,2013,800.25,2,2-Jan-13,1,0,0,-0.242,State: CT / County: 009 / Year: 2013,1,2,2-Jan,16.403,31.51
CT,9,9,2013,800.25,2,3-Jan-13,1,0,0,-0.242,State: CT / County: 009 / Year: 2013,1,3,3-Jan,16.403,31.51
CT,9,9,2013,800.25,2,4-Jan-13,1,0,0,-0.242,State: CT / County: 009 / Year: 2013,1,4,4-Jan,16.403,31.51
CT,9,9,2013,800.25,2,5-Jan-13,1,0,0,-0.242,State: CT / County: 009 / Year: 2013,1,5,5-Jan,16.403,31.51
CT,9,9,2013,800.25,2,6-Jan-13,1,0,0,-0.242,State: CT / County: 009 / Year: 2013,1,6,6-Jan,16.403,31.51
CT,9,9,2013,800.25,2,7-Jan-13,1,0,0,-0.242,State: CT / County: 009 / Year: 2013,1,7,7-Jan,16.403,31.51
CT,9,9,2013,800.25,2,8-Jan-13,1,0,0,-0.242,State: CT / County: 009 / Year: 2013,1,8,8-Jan,16.403,31.51
CT,9,9,2013,800.25,2,9-Jan-13,1,0,0,-0.242,State: CT / County: 009 / Year: 2013,1,9,9-Jan,16.403,31.51
CT,9,9,2013,800.25,2,10-Jan-13,1,0,0,-0.242,State: CT / County: 009 / Year: 2013,1,10,10-Jan,16.403,31.51
CT,9,9,2013,800.25,2,11-Jan-13,1,0,0,-0.242,State: CT / County: 009 / Year: 2013,1,11,11-Jan,16.403,31.51
CT,9,9,2013,800.25,2,12-Jan-13,1,0,0,-0.242,State: CT / County: 009 / Year: 2013,1,12,12-Jan,16.403,31.51
CT,9,9,2013,800.25,2,13-Jan-13,1,0,0,-0.242,State: CT / County: 009 / Year: 2013,1,13,13-Jan,16.403,31.51
CT,9,9,2013,800.25,2,14-Jan-13,1,0,0,-0.242,State: CT / County: 009 / Year: 2013,1,14,14-Jan,16.403,31.51
CT,9,9,2013,800.25,2,15-Jan-13,1,0,0,-0.242,State: CT / County: 009 / Year: 2013,1,15,15-Jan,16.403,31.51
CT,9,9,2013,800.25,2,16-Jan-13,1,89,3.5,1.609,State: CT / County: 009 / Year: 2013,1,16,16-Jan,16.403,31.51
CT,9,9,2013,800.25,2,17-Jan-13,1,0,0,-0.242,State: CT / County: 009 / Year: 2013,1,17,17-Jan,16.403,31.51
CT,9,9,2013,800.25,2,18-Jan-13,1,0,0,-0.242,State: CT / County: 009 / Year: 2013,1,18,18-Jan,16.403,31.51
CT,9,9,2013,800.25,2,19-Jan-13,1,0,0,-0.242,State: CT / County: 009 / Year: 2013,1,19,19-Jan,16.403,31.51
CT,9,9,2013,800.25,2,20-Jan-13,1,0,0,-0.242,State: CT / County: 009 / Year: 2013,1,20,20-Jan,16.403,31.51
CT,9,9,2013,800.25,2,21-Jan-13,1,0,0,-0.242,State: CT / County: 009 / Year: 2013,1,21,21-Jan,16.403,31.51
CT,9,9,2013,800.25,2,22-Jan-13,1,7.8,0.31,-0.081,State: CT / County: 009 / Year: 2013,1,22,22-Jan,16.403,31.51
CT,9,9,2013,800.25,2,23-Jan-13,1,0,0,-0.242,State: CT / County: 009 / Year: 2013,1,23,23-Jan,16.403,31.51
CT,9,9,2013,800.25,2,24-Jan-13,1,0,0,-0.242,State: CT / County: 009 / Year: 2013,1,24,24-Jan,16.403,31.51
CT,9,9,2013,800.25,2,25-Jan-13,1,0,0,-0.242,State: CT / County: 009 / Year: 2013,1,25,25-Jan,16.403,31.51
CT,9,9,2013,800.25,2,26-Jan-13,1,7,0.28,-0.096,State: CT / County: 009 / Year: 2013,1,26,26-Jan,16.403,31.51
CT,9,9,2013,800.25,2,27-Jan-13,1,0,0,-0.242,State: CT / County: 009 / Year: 2013,1,27,27-Jan,16.403,31.51
CT,9,9,2013,800.25,2,28-Jan-13,1,0,0,-0.242,State: CT / County: 009 / Year: 2013,1,28,28-Jan,16.403,31.51
CT,9,9,2013,800.25,2,29-Jan-13,1,20.3,0.8,0.181,State: CT / County: 009 / Year: 2013,1,29,29-Jan,16.403,31.51
CT,9,9,2013,800.25,2,30-Jan-13,1,0,0,-0.242,State: CT / County: 009 / Year: 2013,1,30,30-Jan,16.403,31.51
CT,9,9,2013,800.25,2,31-Jan-13,1,0,0,-0.242,State: CT / County: 009 / Year: 2013,1,31,31-Jan,16.403,31.51
CT,9,9,2013,800.25,2,1-Feb-13,2,0,0,-0.242,State: CT / County: 009 / Year: 2013,1,1,1-Feb,16.403,31.51
CT,9,9,2013,800.25,2,2-Feb-13,2,0,0,-0.242,State: CT / County: 009 / Year: 2013,1,2,2-Feb,16.403,31.51
CT,9,9,2013,800.25,2,3-Feb-13,2,0,0,-0.242,State: CT / County: 009 / Year: 2013,1,3,3-Feb,16.403,31.51
CT,9,9,2013,800.25,2,4-Feb-13,2,0,0,-0.242,State: CT / County: 009 / Year: 2013,1,4,4-Feb,16.403,31.51
CT,9,9,2013,800.25,2,5-Feb-13,2,0,0,-0.242,State: CT / County: 009 / Year: 2013,1,5,5-Feb,16.403,31.51
CT,9,9,2013,800.25,2,6-Feb-13,2,4.3,0.17,-0.152,State: CT / County: 009 / Year: 2013,1,6,6-Feb,16.403,31.51
CT,9,9,2013,800.25,2,7-Feb-13,2,0,0,-0.242,State: CT / County: 009 / Year: 2013,1,7,7-Feb,16.403,31.51
CT,9,9,2013,800.25,2,8-Feb-13,2,0.8,0.03,-0.226,State: CT / County: 009 / Year: 2013,1,8,8-Feb,16.403,31.51
CT,9,9,2013,800.25,2,9-Feb-13,2,800.3,31.51,16.403,State: CT / County: 009 / Year: 2013,1,9,9-Feb,16.403,31.51
CT,9,9,2013,800.25,2,10-Feb-13,2,0,0,-0.242,State: CT / County: 009 / Year: 2013,1,10,10-Feb,16.403,31.51
CT,9,9,2013,800.25,2,11-Feb-13,2,0,0,-0.242,State: CT / County: 009 / Year: 2013,1,11,11-Feb,16.403,31.51
CT,9,9,2013,800.25,2,12-Feb-13,2,0,0,-0.242,State: CT / County: 009 / Year: 2013,1,12,12-Feb,16.403,31.51
CT,9,9,2013,800.25,2,13-Feb-13,2,0,0,-0.242,State: CT / County: 009 / Year: 2013,1,13,13-Feb,16.403,31.51
CT,9,9,2013,800.25,2,14-Feb-13,2,2,0.08,-0.2,State: CT / County: 009 / Year: 2013,1,14,14-Feb,16.403,31.51
CT,9,9,2013,800.25,2,15-Feb-13,2,0,0,-0.242,State: CT / County: 009 / Year: 2013,1,15,15-Feb,16.403,31.51
CT,9,9,2013,800.25,2,16-Feb-13,2,5,0.2,-0.138,State: CT / County: 009 / Year: 2013,1,16,16-Feb,16.403,31.51
CT,9,9,2013,800.25,2,17-Feb-13,2,7,0.28,-0.096,State: CT / County: 009 / Year: 2013,1,17,17-Feb,16.403,31.51
CT,9,9,2013,800.25,2,18-Feb-13,2,0,0,-0.242,State: CT / County: 009 / Year: 2013,1,18,18-Feb,16.403,31.51
CT,9,9,2013,800.25,2,19-Feb-13,2,0,0,-0.242,State: CT / County: 009 / Year: 2013,1,19,19-Feb,16.403,31.51
CT,9,9,2013,800.25,2,20-Feb-13,2,0,0,-0.242,State: CT / County: 009 / Year: 2013,1,20,20-Feb,16.403,31.51
CT,9,9,2013,800.25,2,21-Feb-13,2,0,0,-0.242,State: CT / County: 009 / Year: 2013,1,21,21-Feb,16.403,31.51
CT,9,9,2013,800.25,2,22-Feb-13,2,0,0,-0.242,State: CT / County: 009 / Year: 2013,1,22,22-Feb,16.403,31.51
CT,9,9,2013,800.25,2,23-Feb-13,2,0,0,-0.242,State: CT / County: 009 / Year: 2013,1,23,23-Feb,16.403,31.51
CT,9,9,2013,800.25,2,24-Feb-13,2,0,0,-0.242,State: CT / County: 009 / Year: 2013,1,24,24-Feb,16.403,31.51
CT,9,9,2013,800.25,2,25-Feb-13,2,0,0,-0.242,State: CT / County: 009 / Year: 2013,1,25,25-Feb,16.403,31.51
CT,9,9,2013,800.25,2,26-Feb-13,2,0,0,-0.242,State: CT / County: 009 / Year: 2013,1,26,26-Feb,16.403,31.51
CT,9,9,2013,800.25,2,27-Feb-13,2,0,0,-0.242,State: CT / County: 009 / Year: 2013,1,27,27-Feb,16.403,31.51
CT,9,9,2013,800.25,2,28-Feb-13,2,0,0,-0.242,State: CT / County: 009 / Year: 2013,1,28,28-Feb,16.403,31.51
CT,9,9,2013,800.25,2,1-Mar-13,3,0,0,-0.242,State: CT / County: 009 / Year: 2013,1,1,1-Mar,16.403,31.51
CT,9,9,2013,800.25,2,2-Mar-13,3,0,0,-0.242,State: CT / County: 009 / Year: 2013,1,2,2-Mar,16.403,31.51
CT,9,9,2013,800.25,2,3-Mar-13,3,0,0,-0.242,State: CT / County: 009 / Year: 2013,1,3,3-Mar,16.403,31.51
CT,9,9,2013,800.25,2,4-Mar-13,3,0,0,-0.242,State: CT / County: 009 / Year: 2013,1,4,4-Mar,16.403,31.51
CT,9,9,2013,800.25,2,5-Mar-13,3,0,0,-0.242,State: CT / County: 009 / Year: 2013,1,5,5-Mar,16.403,31.51
CT,9,9,2013,800.25,2,6-Mar-13,3,0,0,-0.242,State: CT / County: 009 / Year: 2013,1,6,6-Mar,16.403,31.51
CT,9,9,2013,800.25,2,7-Mar-13,3,6,0.24,-0.117,State: CT / County: 009 / Year: 2013,1,7,7-Mar,16.403,31.51
CT,9,9,2013,800.25,2,8-Mar-13,3,147.5,5.81,2.826,State: CT / County: 009 / Year: 2013,1,8,8-Mar,16.403,31.51
CT,9,9,2013,800.25,2,9-Mar-13,3,12,0.47,0.008,State: CT / County: 009 / Year: 2013,1,9,9-Mar,16.403,31.51
CT,9,9,2013,800.25,2,10-Mar-13,3,0,0,-0.242,State: CT / County: 009 / Year: 2013,1,10,10-Mar,16.403,31.51
CT,9,9,2013,800.25,2,11-Mar-13,3,0,0,-0.242,State: CT / County: 009 / Year: 2013,1,11,11-Mar,16.403,31.51
CT,9,9,2013,800.25,2,12-Mar-13,3,0,0,-0.242,State: CT / County: 009 / Year: 2013,1,12,12-Mar,16.403,31.51
CT,9,9,2013,800.25,2,13-Mar-13,3,0,0,-0.242,State: CT / County: 009 / Year: 2013,1,13,13-Mar,16.403,31.51
CT,9,9,2013,800.25,2,14-Mar-13,3,0,0,-0.242,State: CT / County: 009 / Year: 2013,1,14,14-Mar,16.403,31.51
CT,9,9,2013,800.25,2,15-Mar-13,3,0,0,-0.242,State: CT / County: 009 / Year: 2013,1,15,15-Mar,16.403,31.51
CT,9,9,2013,800.25,2,16-Mar-13,3,0,0,-0.242,State: CT / County: 009 / Year: 2013,1,16,16-Mar,16.403,31.51
CT,9,9,2013,800.25,2,17-Mar-13,3,0,0,-0.242,State: CT / County: 009 / Year: 2013,1,17,17-Mar,16.403,31.51
CT,9,9,2013,800.25,2,18-Mar-13,3,0,0,-0.242,State: CT / County: 009 / Year: 2013,1,18,18-Mar,16.403,31.51
CT,9,9,2013,800.25,2,19-Mar-13,3,63.5,2.5,1.079,State: CT / County: 009 / Year: 2013,1,19,19-Mar,16.403,31.51
CT,9,9,2013,800.25,2,20-Mar-13,3,0,0,-0.242,State: CT / County: 009 / Year: 2013,1,20,20-Mar,16.403,31.51
CT,9,9,2013,800.25,2,21-Mar-13,3,0,0,-0.242,State: CT / County: 009 / Year: 2013,1,21,21-Mar,16.403,31.51
CT,9,9,2013,800.25,2,22-Mar-13,3,0,0,-0.242,State: CT / County: 009 / Year: 2013,1,22,22-Mar,16.403,31.51
CT,9,9,2013,800.25,2,23-Mar-13,3,0,0,-0.242,State: CT / County: 009 / Year: 2013,1,23,23-Mar,16.403,31.51
CT,9,9,2013,800.25,2,24-Mar-13,3,0,0,-0.242,State: CT / County: 009 / Year: 2013,1,24,24-Mar,16.403,31.51
CT,9,9,2013,800.25,2,25-Mar-13,3,0,0,-0.242,State: CT / County: 009 / Year: 2013,1,25,25-Mar,16.403,31.51
CT,9,9,2013,800.25,2,26-Mar-13,3,0,0,-0.242,State: CT / County: 009 / Year: 2013,1,26,26-Mar,16.403,31.51
CT,9,9,2013,800.25,2,27-Mar-13,3,0,0,-0.242,State: CT / County: 009 / Year: 2013,1,27,27-Mar,16.403,31.51
CT,9,9,2013,800.25,2,28-Mar-13,3,0,0,-0.242,State: CT / County: 009 / Year: 2013,1,28,28-Mar,16.403,31.51
CT,9,9,2013,800.25,2,29-Mar-13,3,0,0,-0.242,State: CT / County: 009 / Year: 2013,1,29,29-Mar,16.403,31.51
CT,9,9,2013,800.25,2,30-Mar-13,3,0,0,-0.242,State: CT / County: 009 / Year: 2013,1,30,30-Mar,16.403,31.51
CT,9,9,2013,800.25,2,31-Mar-13,3,0,0,-0.242,State: CT / County: 009 / Year: 2013,1,31,31-Mar,16.403,31.51
CT,9,13,2013,675.5,6,1-Jan-13,1,0,0,-0.274,State: CT / County: 013 / Year: 2013,1,1,1-Jan,12.028,26.59
CT,9,13,2013,675.5,6,2-Jan-13,1,0,0,-0.274,State: CT / County: 013 / Year: 2013,1,2,2-Jan,12.028,26.59
CT,9,13,2013,675.5,6,3-Jan-13,1,0,0,-0.274,State: CT / County: 013 / Year: 2013,1,3,3-Jan,12.028,26.59
CT,9,13,2013,675.5,6,4-Jan-13,1,0,0,-0.274,State: CT / County: 013 / Year: 2013,1,4,4-Jan,12.028,26.59
CT,9,13,2013,675.5,6,5-Jan-13,1,0,0,-0.274,State: CT / County: 013 / Year: 2013,1,5,5-Jan,12.028,26.59
CT,9,13,2013,675.5,6,6-Jan-13,1,0,0,-0.274,State: CT / County: 013 / Year: 2013,1,6,6-Jan,12.028,26.59
CT,9,13,2013,675.5,6,7-Jan-13,1,0,0,-0.274,State: CT / County: 013 / Year: 2013,1,7,7-Jan,12.028,26.59
CT,9,13,2013,675.5,6,8-Jan-13,1,0,0,-0.274,State: CT / County: 013 / Year: 2013,1,8,8-Jan,12.028,26.59
CT,9,13,2013,675.5,6,9-Jan-13,1,0,0,-0.274,State: CT / County: 013 / Year: 2013,1,9,9-Jan,12.028,26.59
CT,9,13,2013,675.5,6,10-Jan-13,1,0,0,-0.274,State: CT / County: 013 / Year: 2013,1,10,10-Jan,12.028,26.59
CT,9,13,2013,675.5,6,11-Jan-13,1,0,0,-0.274,State: CT / County: 013 / Year: 2013,1,11,11-Jan,12.028,26.59
CT,9,13,2013,675.5,6,12-Jan-13,1,0,0,-0.274,State: CT / County: 013 / Year: 2013,1,12,12-Jan,12.028,26.59
CT,9,13,2013,675.5,6,13-Jan-13,1,0,0,-0.274,State: CT / County: 013 / Year: 2013,1,13,13-Jan,12.028,26.59
CT,9,13,2013,675.5,6,14-Jan-13,1,0,0,-0.274,State: CT / County: 013 / Year: 2013,1,14,14-Jan,12.028,26.59
CT,9,13,2013,675.5,6,15-Jan-13,1,0,0,-0.274,State: CT / County: 013 / Year: 2013,1,15,15-Jan,12.028,26.59
CT,9,13,2013,675.5,6,16-Jan-13,1,94,3.7,1.438,State: CT / County: 013 / Year: 2013,1,16,16-Jan,12.028,26.59
CT,9,13,2013,675.5,6,17-Jan-13,1,25.5,1,0.191,State: CT / County: 013 / Year: 2013,1,17,17-Jan,12.028,26.59
CT,9,13,2013,675.5,6,18-Jan-13,1,0,0,-0.274,State: CT / County: 013 / Year: 2013,1,18,18-Jan,12.028,26.59
CT,9,13,2013,675.5,6,19-Jan-13,1,0,0,-0.274,State: CT / County: 013 / Year: 2013,1,19,19-Jan,12.028,26.59
CT,9,13,2013,675.5,6,20-Jan-13,1,0,0,-0.274,State: CT / County: 013 / Year: 2013,1,20,20-Jan,12.028,26.59
CT,9,13,2013,675.5,6,21-Jan-13,1,0,0,-0.274,State: CT / County: 013 / Year: 2013,1,21,21-Jan,12.028,26.59
CT,9,13,2013,675.5,6,22-Jan-13,1,12.5,0.49,-0.046,State: CT / County: 013 / Year: 2013,1,22,22-Jan,12.028,26.59
CT,9,13,2013,675.5,6,23-Jan-13,1,0,0,-0.274,State: CT / County: 013 / Year: 2013,1,23,23-Jan,12.028,26.59
CT,9,13,2013,675.5,6,24-Jan-13,1,0,0,-0.274,State: CT / County: 013 / Year: 2013,1,24,24-Jan,12.028,26.59
CT,9,13,2013,675.5,6,25-Jan-13,1,0,0,-0.274,State: CT / County: 013 / Year: 2013,1,25,25-Jan,12.028,26.59
CT,9,13,2013,675.5,6,26-Jan-13,1,0,0,-0.274,State: CT / County: 013 / Year: 2013,1,26,26-Jan,12.028,26.59
CT,9,13,2013,675.5,6,27-Jan-13,1,0,0,-0.274,State: CT / County: 013 / Year: 2013,1,27,27-Jan,12.028,26.59
CT,9,13,2013,675.5,6,28-Jan-13,1,0,0,-0.274,State: CT / County: 013 / Year: 2013,1,28,28-Jan,12.028,26.59
CT,9,13,2013,675.5,6,29-Jan-13,1,19,0.75,0.072,State: CT / County: 013 / Year: 2013,1,29,29-Jan,12.028,26.59
CT,9,13,2013,675.5,6,30-Jan-13,1,0,0,-0.274,State: CT / County: 013 / Year: 2013,1,30,30-Jan,12.028,26.59
CT,9,13,2013,675.5,6,31-Jan-13,1,0,0,-0.274,State: CT / County: 013 / Year: 2013,1,31,31-Jan,12.028,26.59
CT,9,13,2013,675.5,6,1-Feb-13,2,0,0,-0.274,State: CT / County: 013 / Year: 2013,1,1,1-Feb,12.028,26.59
CT,9,13,2013,675.5,6,2-Feb-13,2,0,0,-0.274,State: CT / County: 013 / Year: 2013,1,2,2-Feb,12.028,26.59
CT,9,13,2013,675.5,6,3-Feb-13,2,6.5,0.26,-0.155,State: CT / County: 013 / Year: 2013,1,3,3-Feb,12.028,26.59
CT,9,13,2013,675.5,6,4-Feb-13,2,0,0,-0.274,State: CT / County: 013 / Year: 2013,1,4,4-Feb,12.028,26.59
CT,9,13,2013,675.5,6,5-Feb-13,2,0,0,-0.274,State: CT / County: 013 / Year: 2013,1,5,5-Feb,12.028,26.59
CT,9,13,2013,675.5,6,6-Feb-13,2,20,0.79,0.091,State: CT / County: 013 / Year: 2013,1,6,6-Feb,12.028,26.59
CT,9,13,2013,675.5,6,7-Feb-13,2,0,0,-0.274,State: CT / County: 013 / Year: 2013,1,7,7-Feb,12.028,26.59
CT,9,13,2013,675.5,6,8-Feb-13,2,0,0,-0.274,State: CT / County: 013 / Year: 2013,1,8,8-Feb,12.028,26.59
CT,9,13,2013,675.5,6,9-Feb-13,2,675.5,26.59,12.028,State: CT / County: 013 / Year: 2013,1,9,9-Feb,12.028,26.59
CT,9,13,2013,675.5,6,10-Feb-13,2,53.5,2.11,0.701,State: CT / County: 013 / Year: 2013,1,10,10-Feb,12.028,26.59
CT,9,13,2013,675.5,6,11-Feb-13,2,0,0,-0.274,State: CT / County: 013 / Year: 2013,1,11,11-Feb,12.028,26.59
CT,9,13,2013,675.5,6,12-Feb-13,2,0,0,-0.274,State: CT / County: 013 / Year: 2013,1,12,12-Feb,12.028,26.59
CT,9,13,2013,675.5,6,13-Feb-13,2,0,0,-0.274,State: CT / County: 013 / Year: 2013,1,13,13-Feb,12.028,26.59
CT,9,13,2013,675.5,6,14-Feb-13,2,4,0.16,-0.201,State: CT / County: 013 / Year: 2013,1,14,14-Feb,12.028,26.59
CT,9,13,2013,675.5,6,15-Feb-13,2,0,0,-0.274,State: CT / County: 013 / Year: 2013,1,15,15-Feb,12.028,26.59
CT,9,13,2013,675.5,6,16-Feb-13,2,25.5,1,0.191,State: CT / County: 013 / Year: 2013,1,16,16-Feb,12.028,26.59
CT,9,13,2013,675.5,6,17-Feb-13,2,0,0,-0.274,State: CT / County: 013 / Year: 2013,1,17,17-Feb,12.028,26.59
CT,9,13,2013,675.5,6,18-Feb-13,2,0,0,-0.274,State: CT / County: 013 / Year: 2013,1,18,18-Feb,12.028,26.59
CT,9,13,2013,675.5,6,19-Feb-13,2,0,0,-0.274,State: CT / County: 013 / Year: 2013,1,19,19-Feb,12.028,26.59
CT,9,13,2013,675.5,6,20-Feb-13,2,0,0,-0.274,State: CT / County: 013 / Year: 2013,1,20,20-Feb,12.028,26.59
CT,9,13,2013,675.5,6,21-Feb-13,2,0,0,-0.274,State: CT / County: 013 / Year: 2013,1,21,21-Feb,12.028,26.59
CT,9,13,2013,675.5,6,22-Feb-13,2,0,0,-0.274,State: CT / County: 013 / Year: 2013,1,22,22-Feb,12.028,26.59
CT,9,13,2013,675.5,6,23-Feb-13,2,0,0,-0.274,State: CT / County: 013 / Year: 2013,1,23,23-Feb,12.028,26.59
CT,9,13,2013,675.5,6,24-Feb-13,2,0,0,-0.274,State: CT / County: 013 / Year: 2013,1,24,24-Feb,12.028,26.59
CT,9,13,2013,675.5,6,25-Feb-13,2,22,0.87,0.127,State: CT / County: 013 / Year: 2013,1,25,25-Feb,12.028,26.59
CT,9,13,2013,675.5,6,26-Feb-13,2,0,0,-0.274,State: CT / County: 013 / Year: 2013,1,26,26-Feb,12.028,26.59
CT,9,13,2013,675.5,6,27-Feb-13,2,0,0,-0.274,State: CT / County: 013 / Year: 2013,1,27,27-Feb,12.028,26.59
CT,9,13,2013,675.5,6,28-Feb-13,2,0,0,-0.274,State: CT / County: 013 / Year: 2013,1,28,28-Feb,12.028,26.59
CT,9,13,2013,675.5,6,1-Mar-13,3,0,0,-0.274,State: CT / County: 013 / Year: 2013,1,1,1-Mar,12.028,26.59
CT,9,13,2013,675.5,6,2-Mar-13,3,0,0,-0.274,State: CT / County: 013 / Year: 2013,1,2,2-Mar,12.028,26.59
CT,9,13,2013,675.5,6,3-Mar-13,3,0,0,-0.274,State: CT / County: 013 / Year: 2013,1,3,3-Mar,12.028,26.59
CT,9,13,2013,675.5,6,4-Mar-13,3,6.5,0.26,-0.155,State: CT / County: 013 / Year: 2013,1,4,4-Mar,12.028,26.59
CT,9,13,2013,675.5,6,5-Mar-13,3,0,0,-0.274,State: CT / County: 013 / Year: 2013,1,5,5-Mar,12.028,26.59
CT,9,13,2013,675.5,6,6-Mar-13,3,0,0,-0.274,State: CT / County: 013 / Year: 2013,1,6,6-Mar,12.028,26.59
CT,9,13,2013,675.5,6,7-Mar-13,3,29,1.14,0.255,State: CT / County: 013 / Year: 2013,1,7,7-Mar,12.028,26.59
CT,9,13,2013,675.5,6,8-Mar-13,3,300,11.81,5.19,State: CT / County: 013 / Year: 2013,1,8,8-Mar,12.028,26.59
CT,9,13,2013,675.5,6,9-Mar-13,3,259,10.2,4.443,State: CT / County: 013 / Year: 2013,1,9,9-Mar,12.028,26.59
CT,9,13,2013,675.5,6,10-Mar-13,3,0,0,-0.274,State: CT / County: 013 / Year: 2013,1,10,10-Mar,12.028,26.59
CT,9,13,2013,675.5,6,11-Mar-13,3,0,0,-0.274,State: CT / County: 013 / Year: 2013,1,11,11-Mar,12.028,26.59
CT,9,13,2013,675.5,6,12-Mar-13,3,0,0,-0.274,State: CT / County: 013 / Year: 2013,1,12,12-Mar,12.028,26.59
CT,9,13,2013,675.5,6,13-Mar-13,3,0,0,-0.274,State: CT / County: 013 / Year: 2013,1,13,13-Mar,12.028,26.59
CT,9,13,2013,675.5,6,14-Mar-13,3,0,0,-0.274,State: CT / County: 013 / Year: 2013,1,14,14-Mar,12.028,26.59
CT,9,13,2013,675.5,6,15-Mar-13,3,0,0,-0.274,State: CT / County: 013 / Year: 2013,1,15,15-Mar,12.028,26.59
CT,9,13,2013,675.5,6,16-Mar-13,3,0,0,-0.274,State: CT / County: 013 / Year: 2013,1,16,16-Mar,12.028,26.59
CT,9,13,2013,675.5,6,17-Mar-13,3,0,0,-0.274,State: CT / County: 013 / Year: 2013,1,17,17-Mar,12.028,26.59
CT,9,13,2013,675.5,6,18-Mar-13,3,0,0,-0.274,State: CT / County: 013 / Year: 2013,1,18,18-Mar,12.028,26.59
CT,9,13,2013,675.5,6,19-Mar-13,3,123.5,4.86,1.976,State: CT / County: 013 / Year: 2013,1,19,19-Mar,12.028,26.59
CT,9,13,2013,675.5,6,20-Mar-13,3,6.5,0.26,-0.155,State: CT / County: 013 / Year: 2013,1,20,20-Mar,12.028,26.59
CT,9,13,2013,675.5,6,21-Mar-13,3,0,0,-0.274,State: CT / County: 013 / Year: 2013,1,21,21-Mar,12.028,26.59
CT,9,13,2013,675.5,6,22-Mar-13,3,0,0,-0.274,State: CT / County: 013 / Year: 2013,1,22,22-Mar,12.028,26.59
CT,9,13,2013,675.5,6,23-Mar-13,3,0,0,-0.274,State: CT / County: 013 / Year: 2013,1,23,23-Mar,12.028,26.59
CT,9,13,2013,675.5,6,24-Mar-13,3,0,0,-0.274,State: CT / County: 013 / Year: 2013,1,24,24-Mar,12.028,26.59
CT,9,13,2013,675.5,6,25-Mar-13,3,0,0,-0.274,State: CT / County: 013 / Year: 2013,1,25,25-Mar,12.028,26.59
CT,9,13,2013,675.5,6,26-Mar-13,3,0,0,-0.274,State: CT / County: 013 / Year: 2013,1,26,26-Mar,12.028,26.59
CT,9,13,2013,675.5,6,27-Mar-13,3,0,0,-0.274,State: CT / County: 013 / Year: 2013,1,27,27-Mar,12.028,26.59
CT,9,13,2013,675.5,6,28-Mar-13,3,0,0,-0.274,State: CT / County: 013 / Year: 2013,1,28,28-Mar,12.028,26.59
CT,9,13,2013,675.5,6,29-Mar-13,3,0,0,-0.274,State: CT / County: 013 / Year: 2013,1,29,29-Mar,12.028,26.59
CT,9,13,2013,675.5,6,30-Mar-13,3,0,0,-0.274,State: CT / County: 013 / Year: 2013,1,30,30-Mar,12.028,26.59
CT,9,13,2013,675.5,6,31-Mar-13,3,0,0,-0.274,State: CT / County: 013 / Year: 2013,1,31,31-Mar,12.028,26.59
MA,25,13,2013,626.67,9,1-Jan-13,1,0,0,-0.263,State: MA / County: 013 / Year: 2013,1,1,1-Jan,13.478,24.67
MA,25,13,2013,626.67,9,2-Jan-13,1,0,0,-0.263,State: MA / County: 013 / Year: 2013,1,2,2-Jan,13.478,24.67
MA,25,13,2013,626.67,9,3-Jan-13,1,0,0,-0.263,State: MA / County: 013 / Year: 2013,1,3,3-Jan,13.478,24.67
MA,25,13,2013,626.67,9,4-Jan-13,1,0,0,-0.263,State: MA / County: 013 / Year: 2013,1,4,4-Jan,13.478,24.67
MA,25,13,2013,626.67,9,5-Jan-13,1,0,0,-0.263,State: MA / County: 013 / Year: 2013,1,5,5-Jan,13.478,24.67
MA,25,13,2013,626.67,9,6-Jan-13,1,4,0.16,-0.175,State: MA / County: 013 / Year: 2013,1,6,6-Jan,13.478,24.67
MA,25,13,2013,626.67,9,7-Jan-13,1,0,0,-0.263,State: MA / County: 013 / Year: 2013,1,7,7-Jan,13.478,24.67
MA,25,13,2013,626.67,9,8-Jan-13,1,0,0,-0.263,State: MA / County: 013 / Year: 2013,1,8,8-Jan,13.478,24.67
MA,25,13,2013,626.67,9,9-Jan-13,1,0,0,-0.263,State: MA / County: 013 / Year: 2013,1,9,9-Jan,13.478,24.67
MA,25,13,2013,626.67,9,10-Jan-13,1,0,0,-0.263,State: MA / County: 013 / Year: 2013,1,10,10-Jan,13.478,24.67
MA,25,13,2013,626.67,9,11-Jan-13,1,0,0,-0.263,State: MA / County: 013 / Year: 2013,1,11,11-Jan,13.478,24.67
MA,25,13,2013,626.67,9,12-Jan-13,1,0,0,-0.263,State: MA / County: 013 / Year: 2013,1,12,12-Jan,13.478,24.67
MA,25,13,2013,626.67,9,13-Jan-13,1,0,0,-0.263,State: MA / County: 013 / Year: 2013,1,13,13-Jan,13.478,24.67
MA,25,13,2013,626.67,9,14-Jan-13,1,0,0,-0.263,State: MA / County: 013 / Year: 2013,1,14,14-Jan,13.478,24.67
MA,25,13,2013,626.67,9,15-Jan-13,1,0,0,-0.263,State: MA / County: 013 / Year: 2013,1,15,15-Jan,13.478,24.67
MA,25,13,2013,626.67,9,16-Jan-13,1,114.5,4.51,2.248,State: MA / County: 013 / Year: 2013,1,16,16-Jan,13.478,24.67
MA,25,13,2013,626.67,9,17-Jan-13,1,25.5,1,0.296,State: MA / County: 013 / Year: 2013,1,17,17-Jan,13.478,24.67
MA,25,13,2013,626.67,9,18-Jan-13,1,0,0,-0.263,State: MA / County: 013 / Year: 2013,1,18,18-Jan,13.478,24.67
MA,25,13,2013,626.67,9,19-Jan-13,1,0,0,-0.263,State: MA / County: 013 / Year: 2013,1,19,19-Jan,13.478,24.67
MA,25,13,2013,626.67,9,20-Jan-13,1,0,0,-0.263,State: MA / County: 013 / Year: 2013,1,20,20-Jan,13.478,24.67
MA,25,13,2013,626.67,9,21-Jan-13,1,0,0,-0.263,State: MA / County: 013 / Year: 2013,1,21,21-Jan,13.478,24.67
MA,25,13,2013,626.67,9,22-Jan-13,1,4.3,0.17,-0.168,State: MA / County: 013 / Year: 2013,1,22,22-Jan,13.478,24.67
MA,25,13,2013,626.67,9,23-Jan-13,1,0,0,-0.263,State: MA / County: 013 / Year: 2013,1,23,23-Jan,13.478,24.67
MA,25,13,2013,626.67,9,24-Jan-13,1,0,0,-0.263,State: MA / County: 013 / Year: 2013,1,24,24-Jan,13.478,24.67
MA,25,13,2013,626.67,9,25-Jan-13,1,0,0,-0.263,State: MA / County: 013 / Year: 2013,1,25,25-Jan,13.478,24.67
MA,25,13,2013,626.67,9,26-Jan-13,1,2.5,0.1,-0.208,State: MA / County: 013 / Year: 2013,1,26,26-Jan,13.478,24.67
MA,25,13,2013,626.67,9,27-Jan-13,1,0,0,-0.263,State: MA / County: 013 / Year: 2013,1,27,27-Jan,13.478,24.67
MA,25,13,2013,626.67,9,28-Jan-13,1,0,0,-0.263,State: MA / County: 013 / Year: 2013,1,28,28-Jan,13.478,24.67
MA,25,13,2013,626.67,9,29-Jan-13,1,29.3,1.15,0.38,State: MA / County: 013 / Year: 2013,1,29,29-Jan,13.478,24.67
MA,25,13,2013,626.67,9,30-Jan-13,1,0,0,-0.263,State: MA / County: 013 / Year: 2013,1,30,30-Jan,13.478,24.67
MA,25,13,2013,626.67,9,31-Jan-13,1,0,0,-0.263,State: MA / County: 013 / Year: 2013,1,31,31-Jan,13.478,24.67
MA,25,13,2013,626.67,9,1-Feb-13,2,2.5,0.1,-0.208,State: MA / County: 013 / Year: 2013,1,1,1-Feb,13.478,24.67
MA,25,13,2013,626.67,9,2-Feb-13,2,0,0,-0.263,State: MA / County: 013 / Year: 2013,1,2,2-Feb,13.478,24.67
MA,25,13,2013,626.67,9,3-Feb-13,2,0,0,-0.263,State: MA / County: 013 / Year: 2013,1,3,3-Feb,13.478,24.67
MA,25,13,2013,626.67,9,4-Feb-13,2,0,0,-0.263,State: MA / County: 013 / Year: 2013,1,4,4-Feb,13.478,24.67
MA,25,13,2013,626.67,9,5-Feb-13,2,0,0,-0.263,State: MA / County: 013 / Year: 2013,1,5,5-Feb,13.478,24.67
MA,25,13,2013,626.67,9,6-Feb-13,2,0,0,-0.263,State: MA / County: 013 / Year: 2013,1,6,6-Feb,13.478,24.67
MA,25,13,2013,626.67,9,7-Feb-13,2,0,0,-0.263,State: MA / County: 013 / Year: 2013,1,7,7-Feb,13.478,24.67
MA,25,13,2013,626.67,9,8-Feb-13,2,0,0,-0.263,State: MA / County: 013 / Year: 2013,1,8,8-Feb,13.478,24.67
MA,25,13,2013,626.67,9,9-Feb-13,2,626.7,24.67,13.478,State: MA / County: 013 / Year: 2013,1,9,9-Feb,13.478,24.67
MA,25,13,2013,626.67,9,10-Feb-13,2,0,0,-0.263,State: MA / County: 013 / Year: 2013,1,10,10-Feb,13.478,24.67
MA,25,13,2013,626.67,9,11-Feb-13,2,0,0,-0.263,State: MA / County: 013 / Year: 2013,1,11,11-Feb,13.478,24.67
MA,25,13,2013,626.67,9,12-Feb-13,2,0,0,-0.263,State: MA / County: 013 / Year: 2013,1,12,12-Feb,13.478,24.67
MA,25,13,2013,626.67,9,13-Feb-13,2,0,0,-0.263,State: MA / County: 013 / Year: 2013,1,13,13-Feb,13.478,24.67
MA,25,13,2013,626.67,9,14-Feb-13,2,1,0.04,-0.241,State: MA / County: 013 / Year: 2013,1,14,14-Feb,13.478,24.67
MA,25,13,2013,626.67,9,15-Feb-13,2,0,0,-0.263,State: MA / County: 013 / Year: 2013,1,15,15-Feb,13.478,24.67
MA,25,13,2013,626.67,9,16-Feb-13,2,63.7,2.51,1.133,State: MA / County: 013 / Year: 2013,1,16,16-Feb,13.478,24.67
MA,25,13,2013,626.67,9,17-Feb-13,2,0,0,-0.263,State: MA / County: 013 / Year: 2013,1,17,17-Feb,13.478,24.67
MA,25,13,2013,626.67,9,18-Feb-13,2,0,0,-0.263,State: MA / County: 013 / Year: 2013,1,18,18-Feb,13.478,24.67
MA,25,13,2013,626.67,9,19-Feb-13,2,0,0,-0.263,State: MA / County: 013 / Year: 2013,1,19,19-Feb,13.478,24.67
MA,25,13,2013,626.67,9,20-Feb-13,2,0,0,-0.263,State: MA / County: 013 / Year: 2013,1,20,20-Feb,13.478,24.67
MA,25,13,2013,626.67,9,21-Feb-13,2,0,0,-0.263,State: MA / County: 013 / Year: 2013,1,21,21-Feb,13.478,24.67
MA,25,13,2013,626.67,9,22-Feb-13,2,0,0,-0.263,State: MA / County: 013 / Year: 2013,1,22,22-Feb,13.478,24.67
MA,25,13,2013,626.67,9,23-Feb-13,2,0,0,-0.263,State: MA / County: 013 / Year: 2013,1,23,23-Feb,13.478,24.67
MA,25,13,2013,626.67,9,24-Feb-13,2,0,0,-0.263,State: MA / County: 013 / Year: 2013,1,24,24-Feb,13.478,24.67
MA,25,13,2013,626.67,9,25-Feb-13,2,0,0,-0.263,State: MA / County: 013 / Year: 2013,1,25,25-Feb,13.478,24.67
MA,25,13,2013,626.67,9,26-Feb-13,2,0,0,-0.263,State: MA / County: 013 / Year: 2013,1,26,26-Feb,13.478,24.67
MA,25,13,2013,626.67,9,27-Feb-13,2,44.5,1.75,0.713,State: MA / County: 013 / Year: 2013,1,27,27-Feb,13.478,24.67
MA,25,13,2013,626.67,9,28-Feb-13,2,0,0,-0.263,State: MA / County: 013 / Year: 2013,1,28,28-Feb,13.478,24.67
MA,25,13,2013,626.67,9,1-Mar-13,3,0,0,-0.263,State: MA / County: 013 / Year: 2013,1,1,1-Mar,13.478,24.67
MA,25,13,2013,626.67,9,2-Mar-13,3,0,0,-0.263,State: MA / County: 013 / Year: 2013,1,2,2-Mar,13.478,24.67
MA,25,13,2013,626.67,9,3-Mar-13,3,0,0,-0.263,State: MA / County: 013 / Year: 2013,1,3,3-Mar,13.478,24.67
MA,25,13,2013,626.67,9,4-Mar-13,3,0,0,-0.263,State: MA / County: 013 / Year: 2013,1,4,4-Mar,13.478,24.67
MA,25,13,2013,626.67,9,5-Mar-13,3,0,0,-0.263,State: MA / County: 013 / Year: 2013,1,5,5-Mar,13.478,24.67
MA,25,13,2013,626.67,9,6-Mar-13,3,0,0,-0.263,State: MA / County: 013 / Year: 2013,1,6,6-Mar,13.478,24.67
MA,25,13,2013,626.67,9,7-Mar-13,3,0,0,-0.263,State: MA / County: 013 / Year: 2013,1,7,7-Mar,13.478,24.67
MA,25,13,2013,626.67,9,8-Mar-13,3,127,5,2.522,State: MA / County: 013 / Year: 2013,1,8,8-Mar,13.478,24.67
MA,25,13,2013,626.67,9,9-Mar-13,3,2.5,0.1,-0.208,State: MA / County: 013 / Year: 2013,1,9,9-Mar,13.478,24.67
MA,25,13,2013,626.67,9,10-Mar-13,3,0,0,-0.263,State: MA / County: 013 / Year: 2013,1,10,10-Mar,13.478,24.67
MA,25,13,2013,626.67,9,11-Mar-13,3,0,0,-0.263,State: MA / County: 013 / Year: 2013,1,11,11-Mar,13.478,24.67
MA,25,13,2013,626.67,9,12-Mar-13,3,0,0,-0.263,State: MA / County: 013 / Year: 2013,1,12,12-Mar,13.478,24.67
MA,25,13,2013,626.67,9,13-Mar-13,3,0,0,-0.263,State: MA / County: 013 / Year: 2013,1,13,13-Mar,13.478,24.67
MA,25,13,2013,626.67,9,14-Mar-13,3,0,0,-0.263,State: MA / County: 013 / Year: 2013,1,14,14-Mar,13.478,24.67
MA,25,13,2013,626.67,9,15-Mar-13,3,0,0,-0.263,State: MA / County: 013 / Year: 2013,1,15,15-Mar,13.478,24.67
MA,25,13,2013,626.67,9,16-Mar-13,3,0,0,-0.263,State: MA / County: 013 / Year: 2013,1,16,16-Mar,13.478,24.67
MA,25,13,2013,626.67,9,17-Mar-13,3,0,0,-0.263,State: MA / County: 013 / Year: 2013,1,17,17-Mar,13.478,24.67
MA,25,13,2013,626.67,9,18-Mar-13,3,0,0,-0.263,State: MA / County: 013 / Year: 2013,1,18,18-Mar,13.478,24.67
MA,25,13,2013,626.67,9,19-Mar-13,3,106,4.17,2.061,State: MA / County: 013 / Year: 2013,1,19,19-Mar,13.478,24.67
MA,25,13,2013,626.67,9,20-Mar-13,3,59.3,2.34,1.038,State: MA / County: 013 / Year: 2013,1,20,20-Mar,13.478,24.67
MA,25,13,2013,626.67,9,21-Mar-13,3,0,0,-0.263,State: MA / County: 013 / Year: 2013,1,21,21-Mar,13.478,24.67
MA,25,13,2013,626.67,9,22-Mar-13,3,0,0,-0.263,State: MA / County: 013 / Year: 2013,1,22,22-Mar,13.478,24.67
MA,25,13,2013,626.67,9,23-Mar-13,3,0,0,-0.263,State: MA / County: 013 / Year: 2013,1,23,23-Mar,13.478,24.67
MA,25,13,2013,626.67,9,24-Mar-13,3,0,0,-0.263,State: MA / County: 013 / Year: 2013,1,24,24-Mar,13.478,24.67
MA,25,13,2013,626.67,9,25-Mar-13,3,0,0,-0.263,State: MA / County: 013 / Year: 2013,1,25,25-Mar,13.478,24.67
MA,25,13,2013,626.67,9,26-Mar-13,3,0,0,-0.263,State: MA / County: 013 / Year: 2013,1,26,26-Mar,13.478,24.67
MA,25,13,2013,626.67,9,27-Mar-13,3,0,0,-0.263,State: MA / County: 013 / Year: 2013,1,27,27-Mar,13.478,24.67
MA,25,13,2013,626.67,9,28-Mar-13,3,0,0,-0.263,State: MA / County: 013 / Year: 2013,1,28,28-Mar,13.478,24.67
MA,25,13,2013,626.67,9,29-Mar-13,3,0,0,-0.263,State: MA / County: 013 / Year: 2013,1,29,29-Mar,13.478,24.67
MA,25,13,2013,626.67,9,30-Mar-13,3,0,0,-0.263,State: MA / County: 013 / Year: 2013,1,30,30-Mar,13.478,24.67
MA,25,13,2013,626.67,9,31-Mar-13,3,0,0,-0.263,State: MA / County: 013 / Year: 2013,1,31,31-Mar,13.478,24.67
NY,36,61,2016,693,4,1-Jan-16,1,0,0,-0.214,State: NY / County: 061 / Year: 2016,1,1,1-Jan,15.323,27.28
NY,36,61,2016,693,4,2-Jan-16,1,0,0,-0.214,State: NY / County: 061 / Year: 2016,1,2,2-Jan,15.323,27.28
NY,36,61,2016,693,4,3-Jan-16,1,0,0,-0.214,State: NY / County: 061 / Year: 2016,1,3,3-Jan,15.323,27.28
NY,36,61,2016,693,4,4-Jan-16,1,0,0,-0.214,State: NY / County: 061 / Year: 2016,1,4,4-Jan,15.323,27.28
NY,36,61,2016,693,4,5-Jan-16,1,0,0,-0.214,State: NY / County: 061 / Year: 2016,1,5,5-Jan,15.323,27.28
NY,36,61,2016,693,4,6-Jan-16,1,0,0,-0.214,State: NY / County: 061 / Year: 2016,1,6,6-Jan,15.323,27.28
NY,36,61,2016,693,4,7-Jan-16,1,0,0,-0.214,State: NY / County: 061 / Year: 2016,1,7,7-Jan,15.323,27.28
NY,36,61,2016,693,4,8-Jan-16,1,0,0,-0.214,State: NY / County: 061 / Year: 2016,1,8,8-Jan,15.323,27.28
NY,36,61,2016,693,4,9-Jan-16,1,0,0,-0.214,State: NY / County: 061 / Year: 2016,1,9,9-Jan,15.323,27.28
NY,36,61,2016,693,4,10-Jan-16,1,0,0,-0.214,State: NY / County: 061 / Year: 2016,1,10,10-Jan,15.323,27.28
NY,36,61,2016,693,4,11-Jan-16,1,0,0,-0.214,State: NY / County: 061 / Year: 2016,1,11,11-Jan,15.323,27.28
NY,36,61,2016,693,4,12-Jan-16,1,0,0,-0.214,State: NY / County: 061 / Year: 2016,1,12,12-Jan,15.323,27.28
NY,36,61,2016,693,4,13-Jan-16,1,0,0,-0.214,State: NY / County: 061 / Year: 2016,1,13,13-Jan,15.323,27.28
NY,36,61,2016,693,4,14-Jan-16,1,0,0,-0.214,State: NY / County: 061 / Year: 2016,1,14,14-Jan,15.323,27.28
NY,36,61,2016,693,4,15-Jan-16,1,0,0,-0.214,State: NY / County: 061 / Year: 2016,1,15,15-Jan,15.323,27.28
NY,36,61,2016,693,4,16-Jan-16,1,0,0,-0.214,State: NY / County: 061 / Year: 2016,1,16,16-Jan,15.323,27.28
NY,36,61,2016,693,4,17-Jan-16,1,10,0.39,0.011,State: NY / County: 061 / Year: 2016,1,17,17-Jan,15.323,27.28
NY,36,61,2016,693,4,18-Jan-16,1,0,0,-0.214,State: NY / County: 061 / Year: 2016,1,18,18-Jan,15.323,27.28
NY,36,61,2016,693,4,19-Jan-16,1,0,0,-0.214,State: NY / County: 061 / Year: 2016,1,19,19-Jan,15.323,27.28
NY,36,61,2016,693,4,20-Jan-16,1,0,0,-0.214,State: NY / County: 061 / Year: 2016,1,20,20-Jan,15.323,27.28
NY,36,61,2016,693,4,21-Jan-16,1,0,0,-0.214,State: NY / County: 061 / Year: 2016,1,21,21-Jan,15.323,27.28
NY,36,61,2016,693,4,22-Jan-16,1,5,0.2,-0.101,State: NY / County: 061 / Year: 2016,1,22,22-Jan,15.323,27.28
NY,36,61,2016,693,4,23-Jan-16,1,693,27.28,15.323,State: NY / County: 061 / Year: 2016,1,23,23-Jan,15.323,27.28
NY,36,61,2016,693,4,24-Jan-16,1,0,0,-0.214,State: NY / County: 061 / Year: 2016,1,24,24-Jan,15.323,27.28
NY,36,61,2016,693,4,25-Jan-16,1,0,0,-0.214,State: NY / County: 061 / Year: 2016,1,25,25-Jan,15.323,27.28
NY,36,61,2016,693,4,26-Jan-16,1,0,0,-0.214,State: NY / County: 061 / Year: 2016,1,26,26-Jan,15.323,27.28
NY,36,61,2016,693,4,27-Jan-16,1,0,0,-0.214,State: NY / County: 061 / Year: 2016,1,27,27-Jan,15.323,27.28
NY,36,61,2016,693,4,28-Jan-16,1,0,0,-0.214,State: NY / County: 061 / Year: 2016,1,28,28-Jan,15.323,27.28
NY,36,61,2016,693,4,29-Jan-16,1,0,0,-0.214,State: NY / County: 061 / Year: 2016,1,29,29-Jan,15.323,27.28
NY,36,61,2016,693,4,30-Jan-16,1,0,0,-0.214,State: NY / County: 061 / Year: 2016,1,30,30-Jan,15.323,27.28
NY,36,61,2016,693,4,31-Jan-16,1,0,0,-0.214,State: NY / County: 061 / Year: 2016,1,31,31-Jan,15.323,27.28
NY,36,61,2016,693,4,1-Feb-16,2,0,0,-0.214,State: NY / County: 061 / Year: 2016,1,1,1-Feb,15.323,27.28
NY,36,61,2016,693,4,2-Feb-16,2,0,0,-0.214,State: NY / County: 061 / Year: 2016,1,2,2-Feb,15.323,27.28
NY,36,61,2016,693,4,3-Feb-16,2,0,0,-0.214,State: NY / County: 061 / Year: 2016,1,3,3-Feb,15.323,27.28
NY,36,61,2016,693,4,4-Feb-16,2,0,0,-0.214,State: NY / County: 061 / Year: 2016,1,4,4-Feb,15.323,27.28
NY,36,61,2016,693,4,5-Feb-16,2,64,2.52,1.221,State: NY / County: 061 / Year: 2016,1,5,5-Feb,15.323,27.28
NY,36,61,2016,693,4,6-Feb-16,2,0,0,-0.214,State: NY / County: 061 / Year: 2016,1,6,6-Feb,15.323,27.28
NY,36,61,2016,693,4,7-Feb-16,2,0,0,-0.214,State: NY / County: 061 / Year: 2016,1,7,7-Feb,15.323,27.28
NY,36,61,2016,693,4,8-Feb-16,2,3,0.12,-0.146,State: NY / County: 061 / Year: 2016,1,8,8-Feb,15.323,27.28
NY,36,61,2016,693,4,9-Feb-16,2,0,0,-0.214,State: NY / County: 061 / Year: 2016,1,9,9-Feb,15.323,27.28
NY,36,61,2016,693,4,10-Feb-16,2,0,0,-0.214,State: NY / County: 061 / Year: 2016,1,10,10-Feb,15.323,27.28
NY,36,61,2016,693,4,11-Feb-16,2,0,0,-0.214,State: NY / County: 061 / Year: 2016,1,11,11-Feb,15.323,27.28
NY,36,61,2016,693,4,12-Feb-16,2,0,0,-0.214,State: NY / County: 061 / Year: 2016,1,12,12-Feb,15.323,27.28
NY,36,61,2016,693,4,13-Feb-16,2,0,0,-0.214,State: NY / County: 061 / Year: 2016,1,13,13-Feb,15.323,27.28
NY,36,61,2016,693,4,14-Feb-16,2,0,0,-0.214,State: NY / County: 061 / Year: 2016,1,14,14-Feb,15.323,27.28
NY,36,61,2016,693,4,15-Feb-16,2,36,1.42,0.594,State: NY / County: 061 / Year: 2016,1,15,15-Feb,15.323,27.28
NY,36,61,2016,693,4,16-Feb-16,2,0,0,-0.214,State: NY / County: 061 / Year: 2016,1,16,16-Feb,15.323,27.28
NY,36,61,2016,693,4,17-Feb-16,2,0,0,-0.214,State: NY / County: 061 / Year: 2016,1,17,17-Feb,15.323,27.28
NY,36,61,2016,693,4,18-Feb-16,2,0,0,-0.214,State: NY / County: 061 / Year: 2016,1,18,18-Feb,15.323,27.28
NY,36,61,2016,693,4,19-Feb-16,2,0,0,-0.214,State: NY / County: 061 / Year: 2016,1,19,19-Feb,15.323,27.28
NY,36,61,2016,693,4,20-Feb-16,2,0,0,-0.214,State: NY / County: 061 / Year: 2016,1,20,20-Feb,15.323,27.28
NY,36,61,2016,693,4,21-Feb-16,2,0,0,-0.214,State: NY / County: 061 / Year: 2016,1,21,21-Feb,15.323,27.28
NY,36,61,2016,693,4,22-Feb-16,2,0,0,-0.214,State: NY / County: 061 / Year: 2016,1,22,22-Feb,15.323,27.28
NY,36,61,2016,693,4,23-Feb-16,2,0,0,-0.214,State: NY / County: 061 / Year: 2016,1,23,23-Feb,15.323,27.28
NY,36,61,2016,693,4,24-Feb-16,2,0,0,-0.214,State: NY / County: 061 / Year: 2016,1,24,24-Feb,15.323,27.28
NY,36,61,2016,693,4,25-Feb-16,2,0,0,-0.214,State: NY / County: 061 / Year: 2016,1,25,25-Feb,15.323,27.28
NY,36,61,2016,693,4,26-Feb-16,2,0,0,-0.214,State: NY / County: 061 / Year: 2016,1,26,26-Feb,15.323,27.28
NY,36,61,2016,693,4,27-Feb-16,2,0,0,-0.214,State: NY / County: 061 / Year: 2016,1,27,27-Feb,15.323,27.28
NY,36,61,2016,693,4,28-Feb-16,2,0,0,-0.214,State: NY / County: 061 / Year: 2016,1,28,28-Feb,15.323,27.28
NY,36,61,2016,693,4,29-Feb-16,2,0,0,-0.214,State: NY / County: 061 / Year: 2016,1,29,29-Feb,15.323,27.28
NY,36,61,2016,693,4,1-Mar-16,3,0,0,-0.214,State: NY / County: 061 / Year: 2016,1,1,1-Mar,15.323,27.28
NY,36,61,2016,693,4,2-Mar-16,3,0,0,-0.214,State: NY / County: 061 / Year: 2016,1,2,2-Mar,15.323,27.28
NY,36,61,2016,693,4,3-Mar-16,3,0,0,-0.214,State: NY / County: 061 / Year: 2016,1,3,3-Mar,15.323,27.28
NY,36,61,2016,693,4,4-Mar-16,3,10,0.39,0.011,State: NY / County: 061 / Year: 2016,1,4,4-Mar,15.323,27.28
NY,36,61,2016,693,4,5-Mar-16,3,0,0,-0.214,State: NY / County: 061 / Year: 2016,1,5,5-Mar,15.323,27.28
NY,36,61,2016,693,4,6-Mar-16,3,0,0,-0.214,State: NY / County: 061 / Year: 2016,1,6,6-Mar,15.323,27.28
NY,36,61,2016,693,4,7-Mar-16,3,0,0,-0.214,State: NY / County: 061 / Year: 2016,1,7,7-Mar,15.323,27.28
NY,36,61,2016,693,4,8-Mar-16,3,0,0,-0.214,State: NY / County: 061 / Year: 2016,1,8,8-Mar,15.323,27.28
NY,36,61,2016,693,4,9-Mar-16,3,0,0,-0.214,State: NY / County: 061 / Year: 2016,1,9,9-Mar,15.323,27.28
NY,36,61,2016,693,4,10-Mar-16,3,0,0,-0.214,State: NY / County: 061 / Year: 2016,1,10,10-Mar,15.323,27.28
NY,36,61,2016,693,4,11-Mar-16,3,0,0,-0.214,State: NY / County: 061 / Year: 2016,1,11,11-Mar,15.323,27.28
NY,36,61,2016,693,4,12-Mar-16,3,0,0,-0.214,State: NY / County: 061 / Year: 2016,1,12,12-Mar,15.323,27.28
NY,36,61,2016,693,4,13-Mar-16,3,0,0,-0.214,State: NY / County: 061 / Year: 2016,1,13,13-Mar,15.323,27.28
NY,36,61,2016,693,4,14-Mar-16,3,0,0,-0.214,State: NY / County: 061 / Year: 2016,1,14,14-Mar,15.323,27.28
NY,36,61,2016,693,4,15-Mar-16,3,0,0,-0.214,State: NY / County: 061 / Year: 2016,1,15,15-Mar,15.323,27.28
NY,36,61,2016,693,4,16-Mar-16,3,0,0,-0.214,State: NY / County: 061 / Year: 2016,1,16,16-Mar,15.323,27.28
NY,36,61,2016,693,4,17-Mar-16,3,0,0,-0.214,State: NY / County: 061 / Year: 2016,1,17,17-Mar,15.323,27.28
NY,36,61,2016,693,4,18-Mar-16,3,0,0,-0.214,State: NY / County: 061 / Year: 2016,1,18,18-Mar,15.323,27.28
NY,36,61,2016,693,4,19-Mar-16,3,0,0,-0.214,State: NY / County: 061 / Year: 2016,1,19,19-Mar,15.323,27.28
NY,36,61,2016,693,4,20-Mar-16,3,0,0,-0.214,State: NY / County: 061 / Year: 2016,1,20,20-Mar,15.323,27.28
NY,36,61,2016,693,4,21-Mar-16,3,13,0.51,0.078,State: NY / County: 061 / Year: 2016,1,21,21-Mar,15.323,27.28
NY,36,61,2016,693,4,22-Mar-16,3,0,0,-0.214,State: NY / County: 061 / Year: 2016,1,22,22-Mar,15.323,27.28
NY,36,61,2016,693,4,23-Mar-16,3,0,0,-0.214,State: NY / County: 061 / Year: 2016,1,23,23-Mar,15.323,27.28
NY,36,61,2016,693,4,24-Mar-16,3,0,0,-0.214,State: NY / County: 061 / Year: 2016,1,24,24-Mar,15.323,27.28
NY,36,61,2016,693,4,25-Mar-16,3,0,0,-0.214,State: NY / County: 061 / Year: 2016,1,25,25-Mar,15.323,27.28
NY,36,61,2016,693,4,26-Mar-16,3,0,0,-0.214,State: NY / County: 061 / Year: 2016,1,26,26-Mar,15.323,27.28
NY,36,61,2016,693,4,27-Mar-16,3,0,0,-0.214,State: NY / County: 061 / Year: 2016,1,27,27-Mar,15.323,27.28
NY,36,61,2016,693,4,28-Mar-16,3,0,0,-0.214,State: NY / County: 061 / Year: 2016,1,28,28-Mar,15.323,27.28
NY,36,61,2016,693,4,29-Mar-16,3,0,0,-0.214,State: NY / County: 061 / Year: 2016,1,29,29-Mar,15.323,27.28
NY,36,61,2016,693,4,30-Mar-16,3,0,0,-0.214,State: NY / County: 061 / Year: 2016,1,30,30-Mar,15.323,27.28
NY,36,61,2016,693,4,31-Mar-16,3,0,0,-0.214,State: NY / County: 061 / Year: 2016,1,31,31-Mar,15.323,27.28
PA,42,111,2010,701.83,3,1-Jan-10,1,10.7,0.42,-0.155,State: PA / County: 111 / Year: 2010,1,1,1-Jan,14.263,27.63
PA,42,111,2010,701.83,3,2-Jan-10,1,59,2.32,0.853,State: PA / County: 111 / Year: 2010,1,2,2-Jan,14.263,27.63
PA,42,111,2010,701.83,3,3-Jan-10,1,43.7,1.72,0.533,State: PA / County: 111 / Year: 2010,1,3,3-Jan,14.263,27.63
PA,42,111,2010,701.83,3,4-Jan-10,1,104.7,4.12,1.806,State: PA / County: 111 / Year: 2010,1,4,4-Jan,14.263,27.63
PA,42,111,2010,701.83,3,5-Jan-10,1,69.5,2.74,1.072,State: PA / County: 111 / Year: 2010,1,5,5-Jan,14.263,27.63
PA,42,111,2010,701.83,3,6-Jan-10,1,87.2,3.43,1.441,State: PA / County: 111 / Year: 2010,1,6,6-Jan,14.263,27.63
PA,42,111,2010,701.83,3,7-Jan-10,1,41.3,1.63,0.485,State: PA / County: 111 / Year: 2010,1,7,7-Jan,14.263,27.63
PA,42,111,2010,701.83,3,8-Jan-10,1,94.3,3.71,1.59,State: PA / County: 111 / Year: 2010,1,8,8-Jan,14.263,27.63
PA,42,111,2010,701.83,3,9-Jan-10,1,87.8,3.46,1.455,State: PA / County: 111 / Year: 2010,1,9,9-Jan,14.263,27.63
PA,42,111,2010,701.83,3,10-Jan-10,1,18.7,0.73,0.012,State: PA / County: 111 / Year: 2010,1,10,10-Jan,14.263,27.63
PA,42,111,2010,701.83,3,11-Jan-10,1,3,0.12,-0.315,State: PA / County: 111 / Year: 2010,1,11,11-Jan,14.263,27.63
PA,42,111,2010,701.83,3,12-Jan-10,1,10.2,0.4,-0.166,State: PA / County: 111 / Year: 2010,1,12,12-Jan,14.263,27.63
PA,42,111,2010,701.83,3,13-Jan-10,1,18.2,0.72,0.001,State: PA / County: 111 / Year: 2010,1,13,13-Jan,14.263,27.63
PA,42,111,2010,701.83,3,14-Jan-10,1,0,0,-0.378,State: PA / County: 111 / Year: 2010,1,14,14-Jan,14.263,27.63
PA,42,111,2010,701.83,3,15-Jan-10,1,0,0,-0.378,State: PA / County: 111 / Year: 2010,1,15,15-Jan,14.263,27.63
PA,42,111,2010,701.83,3,16-Jan-10,1,0,0,-0.378,State: PA / County: 111 / Year: 2010,1,16,16-Jan,14.263,27.63
PA,42,111,2010,701.83,3,17-Jan-10,1,0,0,-0.378,State: PA / County: 111 / Year: 2010,1,17,17-Jan,14.263,27.63
PA,42,111,2010,701.83,3,18-Jan-10,1,0,0,-0.378,State: PA / County: 111 / Year: 2010,1,18,18-Jan,14.263,27.63
PA,42,111,2010,701.83,3,19-Jan-10,1,0,0,-0.378,State: PA / County: 111 / Year: 2010,1,19,19-Jan,14.263,27.63
PA,42,111,2010,701.83,3,20-Jan-10,1,0,0,-0.378,State: PA / County: 111 / Year: 2010,1,20,20-Jan,14.263,27.63
PA,42,111,2010,701.83,3,21-Jan-10,1,12.7,0.5,-0.113,State: PA / County: 111 / Year: 2010,1,21,21-Jan,14.263,27.63
PA,42,111,2010,701.83,3,22-Jan-10,1,16.2,0.64,-0.04,State: PA / County: 111 / Year: 2010,1,22,22-Jan,14.263,27.63
PA,42,111,2010,701.83,3,23-Jan-10,1,4.7,0.18,-0.28,State: PA / County: 111 / Year: 2010,1,23,23-Jan,14.263,27.63
PA,42,111,2010,701.83,3,24-Jan-10,1,0,0,-0.378,State: PA / County: 111 / Year: 2010,1,24,24-Jan,14.263,27.63
PA,42,111,2010,701.83,3,25-Jan-10,1,0,0,-0.378,State: PA / County: 111 / Year: 2010,1,25,25-Jan,14.263,27.63
PA,42,111,2010,701.83,3,26-Jan-10,1,27.5,1.08,0.196,State: PA / County: 111 / Year: 2010,1,26,26-Jan,14.263,27.63
PA,42,111,2010,701.83,3,27-Jan-10,1,14,0.55,-0.086,State: PA / County: 111 / Year: 2010,1,27,27-Jan,14.263,27.63
PA,42,111,2010,701.83,3,28-Jan-10,1,23.2,0.91,0.106,State: PA / County: 111 / Year: 2010,1,28,28-Jan,14.263,27.63
PA,42,111,2010,701.83,3,29-Jan-10,1,31.8,1.25,0.286,State: PA / County: 111 / Year: 2010,1,29,29-Jan,14.263,27.63
PA,42,111,2010,701.83,3,30-Jan-10,1,0,0,-0.378,State: PA / County: 111 / Year: 2010,1,30,30-Jan,14.263,27.63
PA,42,111,2010,701.83,3,31-Jan-10,1,11.5,0.45,-0.138,State: PA / County: 111 / Year: 2010,1,31,31-Jan,14.263,27.63
PA,42,111,2010,701.83,3,1-Feb-10,2,3.8,0.15,-0.298,State: PA / County: 111 / Year: 2010,1,1,1-Feb,14.263,27.63
PA,42,111,2010,701.83,3,2-Feb-10,2,0,0,-0.378,State: PA / County: 111 / Year: 2010,1,2,2-Feb,14.263,27.63
PA,42,111,2010,701.83,3,3-Feb-10,2,36,1.42,0.373,State: PA / County: 111 / Year: 2010,1,3,3-Feb,14.263,27.63
PA,42,111,2010,701.83,3,4-Feb-10,2,7.6,0.3,-0.219,State: PA / County: 111 / Year: 2010,1,4,4-Feb,14.263,27.63
PA,42,111,2010,701.83,3,5-Feb-10,2,0,0,-0.378,State: PA / County: 111 / Year: 2010,1,5,5-Feb,14.263,27.63
PA,42,111,2010,701.83,3,6-Feb-10,2,701.8,27.63,14.263,State: PA / County: 111 / Year: 2010,1,6,6-Feb,14.263,27.63
PA,42,111,2010,701.83,3,7-Feb-10,2,58.3,2.3,0.839,State: PA / County: 111 / Year: 2010,1,7,7-Feb,14.263,27.63
PA,42,111,2010,701.83,3,8-Feb-10,2,2.2,0.09,-0.332,State: PA / County: 111 / Year: 2010,1,8,8-Feb,14.263,27.63
PA,42,111,2010,701.83,3,9-Feb-10,2,0,0,-0.378,State: PA / County: 111 / Year: 2010,1,9,9-Feb,14.263,27.63
PA,42,111,2010,701.83,3,10-Feb-10,2,170.2,6.7,3.172,State: PA / County: 111 / Year: 2010,1,10,10-Feb,14.263,27.63
PA,42,111,2010,701.83,3,11-Feb-10,2,119.8,4.72,2.122,State: PA / County: 111 / Year: 2010,1,11,11-Feb,14.263,27.63
PA,42,111,2010,701.83,3,12-Feb-10,2,108.2,4.26,1.879,State: PA / County: 111 / Year: 2010,1,12,12-Feb,14.263,27.63
PA,42,111,2010,701.83,3,13-Feb-10,2,4.2,0.16,-0.291,State: PA / County: 111 / Year: 2010,1,13,13-Feb,14.263,27.63
PA,42,111,2010,701.83,3,14-Feb-10,2,38.3,1.51,0.422,State: PA / County: 111 / Year: 2010,1,14,14-Feb,14.263,27.63
PA,42,111,2010,701.83,3,15-Feb-10,2,3,0.12,-0.315,State: PA / County: 111 / Year: 2010,1,15,15-Feb,14.263,27.63
PA,42,111,2010,701.83,3,16-Feb-10,2,92.8,3.65,1.559,State: PA / County: 111 / Year: 2010,1,16,16-Feb,14.263,27.63
PA,42,111,2010,701.83,3,17-Feb-10,2,103.7,4.08,1.785,State: PA / County: 111 / Year: 2010,1,17,17-Feb,14.263,27.63
PA,42,111,2010,701.83,3,18-Feb-10,2,62.8,2.47,0.933,State: PA / County: 111 / Year: 2010,1,18,18-Feb,14.263,27.63
PA,42,111,2010,701.83,3,19-Feb-10,2,33.8,1.33,0.328,State: PA / County: 111 / Year: 2010,1,19,19-Feb,14.263,27.63
PA,42,111,2010,701.83,3,20-Feb-10,2,0,0,-0.378,State: PA / County: 111 / Year: 2010,1,20,20-Feb,14.263,27.63
PA,42,111,2010,701.83,3,21-Feb-10,2,0,0,-0.378,State: PA / County: 111 / Year: 2010,1,21,21-Feb,14.263,27.63
PA,42,111,2010,701.83,3,22-Feb-10,2,3.3,0.13,-0.308,State: PA / County: 111 / Year: 2010,1,22,22-Feb,14.263,27.63
PA,42,111,2010,701.83,3,23-Feb-10,2,0,0,-0.378,State: PA / County: 111 / Year: 2010,1,23,23-Feb,14.263,27.63
PA,42,111,2010,701.83,3,24-Feb-10,2,0,0,-0.378,State: PA / County: 111 / Year: 2010,1,24,24-Feb,14.263,27.63
PA,42,111,2010,701.83,3,25-Feb-10,2,0,0,-0.378,State: PA / County: 111 / Year: 2010,1,25,25-Feb,14.263,27.63
PA,42,111,2010,701.83,3,26-Feb-10,2,156.7,6.17,2.891,State: PA / County: 111 / Year: 2010,1,26,26-Feb,14.263,27.63
PA,42,111,2010,701.83,3,27-Feb-10,2,168.2,6.62,3.13,State: PA / County: 111 / Year: 2010,1,27,27-Feb,14.263,27.63
PA,42,111,2010,701.83,3,28-Feb-10,2,55.7,2.19,0.784,State: PA / County: 111 / Year: 2010,1,28,28-Feb,14.263,27.63
PA,42,111,2010,701.83,3,1-Mar-10,3,37.7,1.48,0.408,State: PA / County: 111 / Year: 2010,1,1,1-Mar,14.263,27.63
PA,42,111,2010,701.83,3,2-Mar-10,3,0,0,-0.378,State: PA / County: 111 / Year: 2010,1,2,2-Mar,14.263,27.63
PA,42,111,2010,701.83,3,3-Mar-10,3,35.5,1.4,0.363,State: PA / County: 111 / Year: 2010,1,3,3-Mar,14.263,27.63
PA,42,111,2010,701.83,3,4-Mar-10,3,0,0,-0.378,State: PA / County: 111 / Year: 2010,1,4,4-Mar,14.263,27.63
PA,42,111,2010,701.83,3,5-Mar-10,3,0,0,-0.378,State: PA / County: 111 / Year: 2010,1,5,5-Mar,14.263,27.63
PA,42,111,2010,701.83,3,6-Mar-10,3,0,0,-0.378,State: PA / County: 111 / Year: 2010,1,6,6-Mar,14.263,27.63
PA,42,111,2010,701.83,3,7-Mar-10,3,0,0,-0.378,State: PA / County: 111 / Year: 2010,1,7,7-Mar,14.263,27.63
PA,42,111,2010,701.83,3,8-Mar-10,3,0,0,-0.378,State: PA / County: 111 / Year: 2010,1,8,8-Mar,14.263,27.63
PA,42,111,2010,701.83,3,9-Mar-10,3,0,0,-0.378,State: PA / County: 111 / Year: 2010,1,9,9-Mar,14.263,27.63
PA,42,111,2010,701.83,3,10-Mar-10,3,0,0,-0.378,State: PA / County: 111 / Year: 2010,1,10,10-Mar,14.263,27.63
PA,42,111,2010,701.83,3,11-Mar-10,3,0,0,-0.378,State: PA / County: 111 / Year: 2010,1,11,11-Mar,14.263,27.63
PA,42,111,2010,701.83,3,12-Mar-10,3,0,0,-0.378,State: PA / County: 111 / Year: 2010,1,12,12-Mar,14.263,27.63
PA,42,111,2010,701.83,3,13-Mar-10,3,0,0,-0.378,State: PA / County: 111 / Year: 2010,1,13,13-Mar,14.263,27.63
PA,42,111,2010,701.83,3,14-Mar-10,3,0,0,-0.378,State: PA / County: 111 / Year: 2010,1,14,14-Mar,14.263,27.63
PA,42,111,2010,701.83,3,15-Mar-10,3,0,0,-0.378,State: PA / County: 111 / Year: 2010,1,15,15-Mar,14.263,27.63
PA,42,111,2010,701.83,3,16-Mar-10,3,0,0,-0.378,State: PA / County: 111 / Year: 2010,1,16,16-Mar,14.263,27.63
PA,42,111,2010,701.83,3,17-Mar-10,3,0,0,-0.378,State: PA / County: 111 / Year: 2010,1,17,17-Mar,14.263,27.63
PA,42,111,2010,701.83,3,18-Mar-10,3,0,0,-0.378,State: PA / County: 111 / Year: 2010,1,18,18-Mar,14.263,27.63
PA,42,111,2010,701.83,3,19-Mar-10,3,0,0,-0.378,State: PA / County: 111 / Year: 2010,1,19,19-Mar,14.263,27.63
PA,42,111,2010,701.83,3,20-Mar-10,3,0,0,-0.378,State: PA / County: 111 / Year: 2010,1,20,20-Mar,14.263,27.63
PA,42,111,2010,701.83,3,21-Mar-10,3,0,0,-0.378,State: PA / County: 111 / Year: 2010,1,21,21-Mar,14.263,27.63
PA,42,111,2010,701.83,3,22-Mar-10,3,0,0,-0.378,State: PA / County: 111 / Year: 2010,1,22,22-Mar,14.263,27.63
PA,42,111,2010,701.83,3,23-Mar-10,3,0,0,-0.378,State: PA / County: 111 / Year: 2010,1,23,23-Mar,14.263,27.63
PA,42,111,2010,701.83,3,24-Mar-10,3,0,0,-0.378,State: PA / County: 111 / Year: 2010,1,24,24-Mar,14.263,27.63
PA,42,111,2010,701.83,3,25-Mar-10,3,0,0,-0.378,State: PA / County: 111 / Year: 2010,1,25,25-Mar,14.263,27.63
PA,42,111,2010,701.83,3,26-Mar-10,3,0,0,-0.378,State: PA / County: 111 / Year: 2010,1,26,26-Mar,14.263,27.63
PA,42,111,2010,701.83,3,27-Mar-10,3,0,0,-0.378,State: PA / County: 111 / Year: 2010,1,27,27-Mar,14.263,27.63
PA,42,111,2010,701.83,3,28-Mar-10,3,0,0,-0.378,State: PA / County: 111 / Year: 2010,1,28,28-Mar,14.263,27.63
PA,42,111,2010,701.83,3,29-Mar-10,3,0,0,-0.378,State: PA / County: 111 / Year: 2010,1,29,29-Mar,14.263,27.63
PA,42,111,2010,701.83,3,30-Mar-10,3,0,0,-0.378,State: PA / County: 111 / Year: 2010,1,30,30-Mar,14.263,27.63
PA,42,111,2010,701.83,3,31-Mar-10,3,0,0,-0.378,State: PA / County: 111 / Year: 2010,1,31,31-Mar,14.263,27.63
VA,51,43,2010,686,5,1-Jan-10,1,0,0,-0.198,State: VA / County: 043 / Year: 2010,1,1,1-Jan,14.666,27.01
VA,51,43,2010,686,5,2-Jan-10,1,0,0,-0.198,State: VA / County: 043 / Year: 2010,1,2,2-Jan,14.666,27.01
VA,51,43,2010,686,5,3-Jan-10,1,0,0,-0.198,State: VA / County: 043 / Year: 2010,1,3,3-Jan,14.666,27.01
VA,51,43,2010,686,5,4-Jan-10,1,0,0,-0.198,State: VA / County: 043 / Year: 2010,1,4,4-Jan,14.666,27.01
VA,51,43,2010,686,5,5-Jan-10,1,0,0,-0.198,State: VA / County: 043 / Year: 2010,1,5,5-Jan,14.666,27.01
VA,51,43,2010,686,5,6-Jan-10,1,0,0,-0.198,State: VA / County: 043 / Year: 2010,1,6,6-Jan,14.666,27.01
VA,51,43,2010,686,5,7-Jan-10,1,0,0,-0.198,State: VA / County: 043 / Year: 2010,1,7,7-Jan,14.666,27.01
VA,51,43,2010,686,5,8-Jan-10,1,38,1.5,0.625,State: VA / County: 043 / Year: 2010,1,8,8-Jan,14.666,27.01
VA,51,43,2010,686,5,9-Jan-10,1,0,0,-0.198,State: VA / County: 043 / Year: 2010,1,9,9-Jan,14.666,27.01
VA,51,43,2010,686,5,10-Jan-10,1,0,0,-0.198,State: VA / County: 043 / Year: 2010,1,10,10-Jan,14.666,27.01
VA,51,43,2010,686,5,11-Jan-10,1,0,0,-0.198,State: VA / County: 043 / Year: 2010,1,11,11-Jan,14.666,27.01
VA,51,43,2010,686,5,12-Jan-10,1,0,0,-0.198,State: VA / County: 043 / Year: 2010,1,12,12-Jan,14.666,27.01
VA,51,43,2010,686,5,13-Jan-10,1,0,0,-0.198,State: VA / County: 043 / Year: 2010,1,13,13-Jan,14.666,27.01
VA,51,43,2010,686,5,14-Jan-10,1,0,0,-0.198,State: VA / County: 043 / Year: 2010,1,14,14-Jan,14.666,27.01
VA,51,43,2010,686,5,15-Jan-10,1,0,0,-0.198,State: VA / County: 043 / Year: 2010,1,15,15-Jan,14.666,27.01
VA,51,43,2010,686,5,16-Jan-10,1,0,0,-0.198,State: VA / County: 043 / Year: 2010,1,16,16-Jan,14.666,27.01
VA,51,43,2010,686,5,17-Jan-10,1,0,0,-0.198,State: VA / County: 043 / Year: 2010,1,17,17-Jan,14.666,27.01
VA,51,43,2010,686,5,18-Jan-10,1,0,0,-0.198,State: VA / County: 043 / Year: 2010,1,18,18-Jan,14.666,27.01
VA,51,43,2010,686,5,19-Jan-10,1,0,0,-0.198,State: VA / County: 043 / Year: 2010,1,19,19-Jan,14.666,27.01
VA,51,43,2010,686,5,20-Jan-10,1,0,0,-0.198,State: VA / County: 043 / Year: 2010,1,20,20-Jan,14.666,27.01
VA,51,43,2010,686,5,21-Jan-10,1,0,0,-0.198,State: VA / County: 043 / Year: 2010,1,21,21-Jan,14.666,27.01
VA,51,43,2010,686,5,22-Jan-10,1,0,0,-0.198,State: VA / County: 043 / Year: 2010,1,22,22-Jan,14.666,27.01
VA,51,43,2010,686,5,23-Jan-10,1,0,0,-0.198,State: VA / County: 043 / Year: 2010,1,23,23-Jan,14.666,27.01
VA,51,43,2010,686,5,24-Jan-10,1,0,0,-0.198,State: VA / County: 043 / Year: 2010,1,24,24-Jan,14.666,27.01
VA,51,43,2010,686,5,25-Jan-10,1,0,0,-0.198,State: VA / County: 043 / Year: 2010,1,25,25-Jan,14.666,27.01
VA,51,43,2010,686,5,26-Jan-10,1,0,0,-0.198,State: VA / County: 043 / Year: 2010,1,26,26-Jan,14.666,27.01
VA,51,43,2010,686,5,27-Jan-10,1,0,0,-0.198,State: VA / County: 043 / Year: 2010,1,27,27-Jan,14.666,27.01
VA,51,43,2010,686,5,28-Jan-10,1,0,0,-0.198,State: VA / County: 043 / Year: 2010,1,28,28-Jan,14.666,27.01
VA,51,43,2010,686,5,29-Jan-10,1,0,0,-0.198,State: VA / County: 043 / Year: 2010,1,29,29-Jan,14.666,27.01
VA,51,43,2010,686,5,30-Jan-10,1,0,0,-0.198,State: VA / County: 043 / Year: 2010,1,30,30-Jan,14.666,27.01
VA,51,43,2010,686,5,31-Jan-10,1,127,5,2.554,State: VA / County: 043 / Year: 2010,1,31,31-Jan,14.666,27.01
VA,51,43,2010,686,5,1-Feb-10,2,0,0,-0.198,State: VA / County: 043 / Year: 2010,1,1,1-Feb,14.666,27.01
VA,51,43,2010,686,5,2-Feb-10,2,0,0,-0.198,State: VA / County: 043 / Year: 2010,1,2,2-Feb,14.666,27.01
VA,51,43,2010,686,5,3-Feb-10,2,114,4.49,2.272,State: VA / County: 043 / Year: 2010,1,3,3-Feb,14.666,27.01
VA,51,43,2010,686,5,4-Feb-10,2,0,0,-0.198,State: VA / County: 043 / Year: 2010,1,4,4-Feb,14.666,27.01
VA,51,43,2010,686,5,5-Feb-10,2,0,0,-0.198,State: VA / County: 043 / Year: 2010,1,5,5-Feb,14.666,27.01
VA,51,43,2010,686,5,6-Feb-10,2,686,27.01,14.666,State: VA / County: 043 / Year: 2010,1,6,6-Feb,14.666,27.01
VA,51,43,2010,686,5,7-Feb-10,2,102,4.02,2.012,State: VA / County: 043 / Year: 2010,1,7,7-Feb,14.666,27.01
VA,51,43,2010,686,5,8-Feb-10,2,0,0,-0.198,State: VA / County: 043 / Year: 2010,1,8,8-Feb,14.666,27.01
VA,51,43,2010,686,5,9-Feb-10,2,0,0,-0.198,State: VA / County: 043 / Year: 2010,1,9,9-Feb,14.666,27.01
VA,51,43,2010,686,5,10-Feb-10,2,152,5.98,3.095,State: VA / County: 043 / Year: 2010,1,10,10-Feb,14.666,27.01
VA,51,43,2010,686,5,11-Feb-10,2,152,5.98,3.095,State: VA / County: 043 / Year: 2010,1,11,11-Feb,14.666,27.01
VA,51,43,2010,686,5,12-Feb-10,2,0,0,-0.198,State: VA / County: 043 / Year: 2010,1,12,12-Feb,14.666,27.01
VA,51,43,2010,686,5,13-Feb-10,2,0,0,-0.198,State: VA / County: 043 / Year: 2010,1,13,13-Feb,14.666,27.01
VA,51,43,2010,686,5,14-Feb-10,2,0,0,-0.198,State: VA / County: 043 / Year: 2010,1,14,14-Feb,14.666,27.01
VA,51,43,2010,686,5,15-Feb-10,2,0,0,-0.198,State: VA / County: 043 / Year: 2010,1,15,15-Feb,14.666,27.01
VA,51,43,2010,686,5,16-Feb-10,2,25,0.98,0.344,State: VA / County: 043 / Year: 2010,1,16,16-Feb,14.666,27.01
VA,51,43,2010,686,5,17-Feb-10,2,0,0,-0.198,State: VA / County: 043 / Year: 2010,1,17,17-Feb,14.666,27.01
VA,51,43,2010,686,5,18-Feb-10,2,0,0,-0.198,State: VA / County: 043 / Year: 2010,1,18,18-Feb,14.666,27.01
VA,51,43,2010,686,5,19-Feb-10,2,0,0,-0.198,State: VA / County: 043 / Year: 2010,1,19,19-Feb,14.666,27.01
VA,51,43,2010,686,5,20-Feb-10,2,0,0,-0.198,State: VA / County: 043 / Year: 2010,1,20,20-Feb,14.666,27.01
VA,51,43,2010,686,5,21-Feb-10,2,0,0,-0.198,State: VA / County: 043 / Year: 2010,1,21,21-Feb,14.666,27.01
VA,51,43,2010,686,5,22-Feb-10,2,0,0,-0.198,State: VA / County: 043 / Year: 2010,1,22,22-Feb,14.666,27.01
VA,51,43,2010,686,5,23-Feb-10,2,0,0,-0.198,State: VA / County: 043 / Year: 2010,1,23,23-Feb,14.666,27.01
VA,51,43,2010,686,5,24-Feb-10,2,0,0,-0.198,State: VA / County: 043 / Year: 2010,1,24,24-Feb,14.666,27.01
VA,51,43,2010,686,5,25-Feb-10,2,0,0,-0.198,State: VA / County: 043 / Year: 2010,1,25,25-Feb,14.666,27.01
VA,51,43,2010,686,5,26-Feb-10,2,0,0,-0.198,State: VA / County: 043 / Year: 2010,1,26,26-Feb,14.666,27.01
VA,51,43,2010,686,5,27-Feb-10,2,0,0,-0.198,State: VA / County: 043 / Year: 2010,1,27,27-Feb,14.666,27.01
VA,51,43,2010,686,5,28-Feb-10,2,0,0,-0.198,State: VA / County: 043 / Year: 2010,1,28,28-Feb,14.666,27.01
VA,51,43,2010,686,5,1-Mar-10,3,0,0,-0.198,State: VA / County: 043 / Year: 2010,1,1,1-Mar,14.666,27.01
VA,51,43,2010,686,5,2-Mar-10,3,0,0,-0.198,State: VA / County: 043 / Year: 2010,1,2,2-Mar,14.666,27.01
VA,51,43,2010,686,5,3-Mar-10,3,25,0.98,0.344,State: VA / County: 043 / Year: 2010,1,3,3-Mar,14.666,27.01
VA,51,43,2010,686,5,4-Mar-10,3,0,0,-0.198,State: VA / County: 043 / Year: 2010,1,4,4-Mar,14.666,27.01
VA,51,43,2010,686,5,5-Mar-10,3,0,0,-0.198,State: VA / County: 043 / Year: 2010,1,5,5-Mar,14.666,27.01
VA,51,43,2010,686,5,6-Mar-10,3,0,0,-0.198,State: VA / County: 043 / Year: 2010,1,6,6-Mar,14.666,27.01
VA,51,43,2010,686,5,7-Mar-10,3,0,0,-0.198,State: VA / County: 043 / Year: 2010,1,7,7-Mar,14.666,27.01
VA,51,43,2010,686,5,8-Mar-10,3,0,0,-0.198,State: VA / County: 043 / Year: 2010,1,8,8-Mar,14.666,27.01
VA,51,43,2010,686,5,9-Mar-10,3,0,0,-0.198,State: VA / County: 043 / Year: 2010,1,9,9-Mar,14.666,27.01
VA,51,43,2010,686,5,10-Mar-10,3,0,0,-0.198,State: VA / County: 043 / Year: 2010,1,10,10-Mar,14.666,27.01
VA,51,43,2010,686,5,11-Mar-10,3,0,0,-0.198,State: VA / County: 043 / Year: 2010,1,11,11-Mar,14.666,27.01
VA,51,43,2010,686,5,12-Mar-10,3,0,0,-0.198,State: VA / County: 043 / Year: 2010,1,12,12-Mar,14.666,27.01
VA,51,43,2010,686,5,13-Mar-10,3,0,0,-0.198,State: VA / County: 043 / Year: 2010,1,13,13-Mar,14.666,27.01
VA,51,43,2010,686,5,14-Mar-10,3,0,0,-0.198,State: VA / County: 043 / Year: 2010,1,14,14-Mar,14.666,27.01
VA,51,43,2010,686,5,15-Mar-10,3,0,0,-0.198,State: VA / County: 043 / Year: 2010,1,15,15-Mar,14.666,27.01
VA,51,43,2010,686,5,16-Mar-10,3,0,0,-0.198,State: VA / County: 043 / Year: 2010,1,16,16-Mar,14.666,27.01
VA,51,43,2010,686,5,17-Mar-10,3,0,0,-0.198,State: VA / County: 043 / Year: 2010,1,17,17-Mar,14.666,27.01
VA,51,43,2010,686,5,18-Mar-10,3,0,0,-0.198,State: VA / County: 043 / Year: 2010,1,18,18-Mar,14.666,27.01
VA,51,43,2010,686,5,19-Mar-10,3,0,0,-0.198,State: VA / County: 043 / Year: 2010,1,19,19-Mar,14.666,27.01
VA,51,43,2010,686,5,20-Mar-10,3,0,0,-0.198,State: VA / County: 043 / Year: 2010,1,20,20-Mar,14.666,27.01
VA,51,43,2010,686,5,21-Mar-10,3,0,0,-0.198,State: VA / County: 043 / Year: 2010,1,21,21-Mar,14.666,27.01
VA,51,43,2010,686,5,22-Mar-10,3,0,0,-0.198,State: VA / County: 043 / Year: 2010,1,22,22-Mar,14.666,27.01
VA,51,43,2010,686,5,23-Mar-10,3,0,0,-0.198,State: VA / County: 043 / Year: 2010,1,23,23-Mar,14.666,27.01
VA,51,43,2010,686,5,24-Mar-10,3,0,0,-0.198,State: VA / County: 043 / Year: 2010,1,24,24-Mar,14.666,27.01
VA,51,43,2010,686,5,25-Mar-10,3,0,0,-0.198,State: VA / County: 043 / Year: 2010,1,25,25-Mar,14.666,27.01
VA,51,43,2010,686,5,26-Mar-10,3,0,0,-0.198,State: VA / County: 043 / Year: 2010,1,26,26-Mar,14.666,27.01
VA,51,43,2010,686,5,27-Mar-10,3,0,0,-0.198,State: VA / County: 043 / Year: 2010,1,27,27-Mar,14.666,27.01
VA,51,43,2010,686,5,28-Mar-10,3,0,0,-0.198,State: VA / County: 043 / Year: 2010,1,28,28-Mar,14.666,27.01
VA,51,43,2010,686,5,29-Mar-10,3,0,0,-0.198,State: VA / County: 043 / Year: 2010,1,29,29-Mar,14.666,27.01
VA,51,43,2010,686,5,30-Mar-10,3,0,0,-0.198,State: VA / County: 043 / Year: 2010,1,30,30-Mar,14.666,27.01
VA,51,43,2010,686,5,31-Mar-10,3,0,0,-0.198,State: VA / County: 043 / Year: 2010,1,31,31-Mar,14.666,27.01
WV,54,57,2010,635,8,1-Jan-10,1,0,0,-0.218,State: WV / County: 057 / Year: 2010,1,1,1-Jan,15.436,25
WV,54,57,2010,635,8,2-Jan-10,1,10,0.39,0.029,State: WV / County: 057 / Year: 2010,1,2,2-Jan,15.436,25
WV,54,57,2010,635,8,3-Jan-10,1,0,0,-0.218,State: WV / County: 057 / Year: 2010,1,3,3-Jan,15.436,25
WV,54,57,2010,635,8,4-Jan-10,1,0,0,-0.218,State: WV / County: 057 / Year: 2010,1,4,4-Jan,15.436,25
WV,54,57,2010,635,8,5-Jan-10,1,0,0,-0.218,State: WV / County: 057 / Year: 2010,1,5,5-Jan,15.436,25
WV,54,57,2010,635,8,6-Jan-10,1,0,0,-0.218,State: WV / County: 057 / Year: 2010,1,6,6-Jan,15.436,25
WV,54,57,2010,635,8,7-Jan-10,1,0,0,-0.218,State: WV / County: 057 / Year: 2010,1,7,7-Jan,15.436,25
WV,54,57,2010,635,8,8-Jan-10,1,15,0.59,0.152,State: WV / County: 057 / Year: 2010,1,8,8-Jan,15.436,25
WV,54,57,2010,635,8,9-Jan-10,1,0,0,-0.218,State: WV / County: 057 / Year: 2010,1,9,9-Jan,15.436,25
WV,54,57,2010,635,8,10-Jan-10,1,0,0,-0.218,State: WV / County: 057 / Year: 2010,1,10,10-Jan,15.436,25
WV,54,57,2010,635,8,11-Jan-10,1,0,0,-0.218,State: WV / County: 057 / Year: 2010,1,11,11-Jan,15.436,25
WV,54,57,2010,635,8,12-Jan-10,1,0,0,-0.218,State: WV / County: 057 / Year: 2010,1,12,12-Jan,15.436,25
WV,54,57,2010,635,8,13-Jan-10,1,0,0,-0.218,State: WV / County: 057 / Year: 2010,1,13,13-Jan,15.436,25
WV,54,57,2010,635,8,14-Jan-10,1,0,0,-0.218,State: WV / County: 057 / Year: 2010,1,14,14-Jan,15.436,25
WV,54,57,2010,635,8,15-Jan-10,1,0,0,-0.218,State: WV / County: 057 / Year: 2010,1,15,15-Jan,15.436,25
WV,54,57,2010,635,8,16-Jan-10,1,0,0,-0.218,State: WV / County: 057 / Year: 2010,1,16,16-Jan,15.436,25
WV,54,57,2010,635,8,17-Jan-10,1,0,0,-0.218,State: WV / County: 057 / Year: 2010,1,17,17-Jan,15.436,25
WV,54,57,2010,635,8,18-Jan-10,1,0,0,-0.218,State: WV / County: 057 / Year: 2010,1,18,18-Jan,15.436,25
WV,54,57,2010,635,8,19-Jan-10,1,0,0,-0.218,State: WV / County: 057 / Year: 2010,1,19,19-Jan,15.436,25
WV,54,57,2010,635,8,20-Jan-10,1,0,0,-0.218,State: WV / County: 057 / Year: 2010,1,20,20-Jan,15.436,25
WV,54,57,2010,635,8,21-Jan-10,1,0,0,-0.218,State: WV / County: 057 / Year: 2010,1,21,21-Jan,15.436,25
WV,54,57,2010,635,8,22-Jan-10,1,82.5,3.25,1.816,State: WV / County: 057 / Year: 2010,1,22,22-Jan,15.436,25
WV,54,57,2010,635,8,23-Jan-10,1,0,0,-0.218,State: WV / County: 057 / Year: 2010,1,23,23-Jan,15.436,25
WV,54,57,2010,635,8,24-Jan-10,1,0,0,-0.218,State: WV / County: 057 / Year: 2010,1,24,24-Jan,15.436,25
WV,54,57,2010,635,8,25-Jan-10,1,0,0,-0.218,State: WV / County: 057 / Year: 2010,1,25,25-Jan,15.436,25
WV,54,57,2010,635,8,26-Jan-10,1,3,0.12,-0.144,State: WV / County: 057 / Year: 2010,1,26,26-Jan,15.436,25
WV,54,57,2010,635,8,27-Jan-10,1,2.5,0.1,-0.156,State: WV / County: 057 / Year: 2010,1,27,27-Jan,15.436,25
WV,54,57,2010,635,8,28-Jan-10,1,0,0,-0.218,State: WV / County: 057 / Year: 2010,1,28,28-Jan,15.436,25
WV,54,57,2010,635,8,29-Jan-10,1,0,0,-0.218,State: WV / County: 057 / Year: 2010,1,29,29-Jan,15.436,25
WV,54,57,2010,635,8,30-Jan-10,1,0,0,-0.218,State: WV / County: 057 / Year: 2010,1,30,30-Jan,15.436,25
WV,54,57,2010,635,8,31-Jan-10,1,108,4.25,2.445,State: WV / County: 057 / Year: 2010,1,31,31-Jan,15.436,25
WV,54,57,2010,635,8,1-Feb-10,2,0,0,-0.218,State: WV / County: 057 / Year: 2010,1,1,1-Feb,15.436,25
WV,54,57,2010,635,8,2-Feb-10,2,0,0,-0.218,State: WV / County: 057 / Year: 2010,1,2,2-Feb,15.436,25
WV,54,57,2010,635,8,3-Feb-10,2,72.5,2.85,1.569,State: WV / County: 057 / Year: 2010,1,3,3-Feb,15.436,25
WV,54,57,2010,635,8,4-Feb-10,2,0,0,-0.218,State: WV / County: 057 / Year: 2010,1,4,4-Feb,15.436,25
WV,54,57,2010,635,8,5-Feb-10,2,0,0,-0.218,State: WV / County: 057 / Year: 2010,1,5,5-Feb,15.436,25
WV,54,57,2010,635,8,6-Feb-10,2,635,25,15.436,State: WV / County: 057 / Year: 2010,1,6,6-Feb,15.436,25
WV,54,57,2010,635,8,7-Feb-10,2,114.5,4.51,2.605,State: WV / County: 057 / Year: 2010,1,7,7-Feb,15.436,25
WV,54,57,2010,635,8,8-Feb-10,2,0,0,-0.218,State: WV / County: 057 / Year: 2010,1,8,8-Feb,15.436,25
WV,54,57,2010,635,8,9-Feb-10,2,0,0,-0.218,State: WV / County: 057 / Year: 2010,1,9,9-Feb,15.436,25
WV,54,57,2010,635,8,10-Feb-10,2,182.5,7.19,4.281,State: WV / County: 057 / Year: 2010,1,10,10-Feb,15.436,25
WV,54,57,2010,635,8,11-Feb-10,2,7.5,0.3,-0.033,State: WV / County: 057 / Year: 2010,1,11,11-Feb,15.436,25
WV,54,57,2010,635,8,12-Feb-10,2,0,0,-0.218,State: WV / County: 057 / Year: 2010,1,12,12-Feb,15.436,25
WV,54,57,2010,635,8,13-Feb-10,2,0,0,-0.218,State: WV / County: 057 / Year: 2010,1,13,13-Feb,15.436,25
WV,54,57,2010,635,8,14-Feb-10,2,0,0,-0.218,State: WV / County: 057 / Year: 2010,1,14,14-Feb,15.436,25
WV,54,57,2010,635,8,15-Feb-10,2,0,0,-0.218,State: WV / County: 057 / Year: 2010,1,15,15-Feb,15.436,25
WV,54,57,2010,635,8,16-Feb-10,2,43,1.69,0.842,State: WV / County: 057 / Year: 2010,1,16,16-Feb,15.436,25
WV,54,57,2010,635,8,17-Feb-10,2,0,0,-0.218,State: WV / County: 057 / Year: 2010,1,17,17-Feb,15.436,25
WV,54,57,2010,635,8,18-Feb-10,2,0,0,-0.218,State: WV / County: 057 / Year: 2010,1,18,18-Feb,15.436,25
WV,54,57,2010,635,8,19-Feb-10,2,4,0.16,-0.119,State: WV / County: 057 / Year: 2010,1,19,19-Feb,15.436,25
WV,54,57,2010,635,8,20-Feb-10,2,0,0,-0.218,State: WV / County: 057 / Year: 2010,1,20,20-Feb,15.436,25
WV,54,57,2010,635,8,21-Feb-10,2,0,0,-0.218,State: WV / County: 057 / Year: 2010,1,21,21-Feb,15.436,25
WV,54,57,2010,635,8,22-Feb-10,2,0,0,-0.218,State: WV / County: 057 / Year: 2010,1,22,22-Feb,15.436,25
WV,54,57,2010,635,8,23-Feb-10,2,0,0,-0.218,State: WV / County: 057 / Year: 2010,1,23,23-Feb,15.436,25
WV,54,57,2010,635,8,24-Feb-10,2,0,0,-0.218,State: WV / County: 057 / Year: 2010,1,24,24-Feb,15.436,25
WV,54,57,2010,635,8,25-Feb-10,2,0,0,-0.218,State: WV / County: 057 / Year: 2010,1,25,25-Feb,15.436,25
WV,54,57,2010,635,8,26-Feb-10,2,17.5,0.69,0.214,State: WV / County: 057 / Year: 2010,1,26,26-Feb,15.436,25
WV,54,57,2010,635,8,27-Feb-10,2,12.5,0.49,0.09,State: WV / County: 057 / Year: 2010,1,27,27-Feb,15.436,25
WV,54,57,2010,635,8,28-Feb-10,2,0,0,-0.218,State: WV / County: 057 / Year: 2010,1,28,28-Feb,15.436,25
WV,54,57,2010,635,8,1-Mar-10,3,0,0,-0.218,State: WV / County: 057 / Year: 2010,1,1,1-Mar,15.436,25
WV,54,57,2010,635,8,2-Mar-10,3,0,0,-0.218,State: WV / County: 057 / Year: 2010,1,2,2-Mar,15.436,25
WV,54,57,2010,635,8,3-Mar-10,3,6.5,0.26,-0.058,State: WV / County: 057 / Year: 2010,1,3,3-Mar,15.436,25
WV,54,57,2010,635,8,4-Mar-10,3,0,0,-0.218,State: WV / County: 057 / Year: 2010,1,4,4-Mar,15.436,25
WV,54,57,2010,635,8,5-Mar-10,3,0,0,-0.218,State: WV / County: 057 / Year: 2010,1,5,5-Mar,15.436,25
WV,54,57,2010,635,8,6-Mar-10,3,0,0,-0.218,State: WV / County: 057 / Year: 2010,1,6,6-Mar,15.436,25
WV,54,57,2010,635,8,7-Mar-10,3,0,0,-0.218,State: WV / County: 057 / Year: 2010,1,7,7-Mar,15.436,25
WV,54,57,2010,635,8,8-Mar-10,3,0,0,-0.218,State: WV / County: 057 / Year: 2010,1,8,8-Mar,15.436,25
WV,54,57,2010,635,8,9-Mar-10,3,0,0,-0.218,State: WV / County: 057 / Year: 2010,1,9,9-Mar,15.436,25
WV,54,57,2010,635,8,10-Mar-10,3,0,0,-0.218,State: WV / County: 057 / Year: 2010,1,10,10-Mar,15.436,25
WV,54,57,2010,635,8,11-Mar-10,3,0,0,-0.218,State: WV / County: 057 / Year: 2010,1,11,11-Mar,15.436,25
WV,54,57,2010,635,8,12-Mar-10,3,0,0,-0.218,State: WV / County: 057 / Year: 2010,1,12,12-Mar,15.436,25
WV,54,57,2010,635,8,13-Mar-10,3,0,0,-0.218,State: WV / County: 057 / Year: 2010,1,13,13-Mar,15.436,25
WV,54,57,2010,635,8,14-Mar-10,3,0,0,-0.218,State: WV / County: 057 / Year: 2010,1,14,14-Mar,15.436,25
WV,54,57,2010,635,8,15-Mar-10,3,0,0,-0.218,State: WV / County: 057 / Year: 2010,1,15,15-Mar,15.436,25
WV,54,57,2010,635,8,16-Mar-10,3,0,0,-0.218,State: WV / County: 057 / Year: 2010,1,16,16-Mar,15.436,25
WV,54,57,2010,635,8,17-Mar-10,3,0,0,-0.218,State: WV / County: 057 / Year: 2010,1,17,17-Mar,15.436,25
WV,54,57,2010,635,8,18-Mar-10,3,0,0,-0.218,State: WV / County: 057 / Year: 2010,1,18,18-Mar,15.436,25
WV,54,57,2010,635,8,19-Mar-10,3,0,0,-0.218,State: WV / County: 057 / Year: 2010,1,19,19-Mar,15.436,25
WV,54,57,2010,635,8,20-Mar-10,3,0,0,-0.218,State: WV / County: 057 / Year: 2010,1,20,20-Mar,15.436,25
WV,54,57,2010,635,8,21-Mar-10,3,0,0,-0.218,State: WV / County: 057 / Year: 2010,1,21,21-Mar,15.436,25
WV,54,57,2010,635,8,22-Mar-10,3,0,0,-0.218,State: WV / County: 057 / Year: 2010,1,22,22-Mar,15.436,25
WV,54,57,2010,635,8,23-Mar-10,3,0,0,-0.218,State: WV / County: 057 / Year: 2010,1,23,23-Mar,15.436,25
WV,54,57,2010,635,8,24-Mar-10,3,0,0,-0.218,State: WV / County: 057 / Year: 2010,1,24,24-Mar,15.436,25
WV,54,57,2010,635,8,25-Mar-10,3,0,0,-0.218,State: WV / County: 057 / Year: 2010,1,25,25-Mar,15.436,25
WV,54,57,2010,635,8,26-Mar-10,3,0,0,-0.218,State: WV / County: 057 / Year: 2010,1,26,26-Mar,15.436,25
WV,54,57,2010,635,8,27-Mar-10,3,0,0,-0.218,State: WV / County: 057 / Year: 2010,1,27,27-Mar,15.436,25
WV,54,57,2010,635,8,28-Mar-10,3,0,0,-0.218,State: WV / County: 057 / Year: 2010,1,28,28-Mar,15.436,25
WV,54,57,2010,635,8,29-Mar-10,3,0,0,-0.218,State: WV / County: 057 / Year: 2010,1,29,29-Mar,15.436,25
WV,54,57,2010,635,8,30-Mar-10,3,0,0,-0.218,State: WV / County: 057 / Year: 2010,1,30,30-Mar,15.436,25
WV,54,57,2010,635,8,31-Mar-10,3,0,0,-0.218,State: WV / County: 057 / Year: 2010,1,31,31-Mar,15.436,25
WV,54,65,2010,635,7,1-Jan-10,1,0,0,-0.176,State: WV / County: 065 / Year: 2010,1,1,1-Jan,13.019,25
WV,54,65,2010,635,7,2-Jan-10,1,0,0,-0.176,State: WV / County: 065 / Year: 2010,1,2,2-Jan,13.019,25
WV,54,65,2010,635,7,3-Jan-10,1,0,0,-0.176,State: WV / County: 065 / Year: 2010,1,3,3-Jan,13.019,25
WV,54,65,2010,635,7,4-Jan-10,1,0,0,-0.176,State: WV / County: 065 / Year: 2010,1,4,4-Jan,13.019,25
WV,54,65,2010,635,7,5-Jan-10,1,0,0,-0.176,State: WV / County: 065 / Year: 2010,1,5,5-Jan,13.019,25
WV,54,65,2010,635,7,6-Jan-10,1,0,0,-0.176,State: WV / County: 065 / Year: 2010,1,6,6-Jan,13.019,25
WV,54,65,2010,635,7,7-Jan-10,1,0,0,-0.176,State: WV / County: 065 / Year: 2010,1,7,7-Jan,13.019,25
WV,54,65,2010,635,7,8-Jan-10,1,38,1.5,0.613,State: WV / County: 065 / Year: 2010,1,8,8-Jan,13.019,25
WV,54,65,2010,635,7,9-Jan-10,1,0,0,-0.176,State: WV / County: 065 / Year: 2010,1,9,9-Jan,13.019,25
WV,54,65,2010,635,7,10-Jan-10,1,0,0,-0.176,State: WV / County: 065 / Year: 2010,1,10,10-Jan,13.019,25
WV,54,65,2010,635,7,11-Jan-10,1,0,0,-0.176,State: WV / County: 065 / Year: 2010,1,11,11-Jan,13.019,25
WV,54,65,2010,635,7,12-Jan-10,1,0,0,-0.176,State: WV / County: 065 / Year: 2010,1,12,12-Jan,13.019,25
WV,54,65,2010,635,7,13-Jan-10,1,0,0,-0.176,State: WV / County: 065 / Year: 2010,1,13,13-Jan,13.019,25
WV,54,65,2010,635,7,14-Jan-10,1,0,0,-0.176,State: WV / County: 065 / Year: 2010,1,14,14-Jan,13.019,25
WV,54,65,2010,635,7,15-Jan-10,1,0,0,-0.176,State: WV / County: 065 / Year: 2010,1,15,15-Jan,13.019,25
WV,54,65,2010,635,7,16-Jan-10,1,0,0,-0.176,State: WV / County: 065 / Year: 2010,1,16,16-Jan,13.019,25
WV,54,65,2010,635,7,17-Jan-10,1,0,0,-0.176,State: WV / County: 065 / Year: 2010,1,17,17-Jan,13.019,25
WV,54,65,2010,635,7,18-Jan-10,1,0,0,-0.176,State: WV / County: 065 / Year: 2010,1,18,18-Jan,13.019,25
WV,54,65,2010,635,7,19-Jan-10,1,0,0,-0.176,State: WV / County: 065 / Year: 2010,1,19,19-Jan,13.019,25
WV,54,65,2010,635,7,20-Jan-10,1,0,0,-0.176,State: WV / County: 065 / Year: 2010,1,20,20-Jan,13.019,25
WV,54,65,2010,635,7,21-Jan-10,1,0,0,-0.176,State: WV / County: 065 / Year: 2010,1,21,21-Jan,13.019,25
WV,54,65,2010,635,7,22-Jan-10,1,0,0,-0.176,State: WV / County: 065 / Year: 2010,1,22,22-Jan,13.019,25
WV,54,65,2010,635,7,23-Jan-10,1,0,0,-0.176,State: WV / County: 065 / Year: 2010,1,23,23-Jan,13.019,25
WV,54,65,2010,635,7,24-Jan-10,1,0,0,-0.176,State: WV / County: 065 / Year: 2010,1,24,24-Jan,13.019,25
WV,54,65,2010,635,7,25-Jan-10,1,0,0,-0.176,State: WV / County: 065 / Year: 2010,1,25,25-Jan,13.019,25
WV,54,65,2010,635,7,26-Jan-10,1,0,0,-0.176,State: WV / County: 065 / Year: 2010,1,26,26-Jan,13.019,25
WV,54,65,2010,635,7,27-Jan-10,1,0,0,-0.176,State: WV / County: 065 / Year: 2010,1,27,27-Jan,13.019,25
WV,54,65,2010,635,7,28-Jan-10,1,0,0,-0.176,State: WV / County: 065 / Year: 2010,1,28,28-Jan,13.019,25
WV,54,65,2010,635,7,29-Jan-10,1,0,0,-0.176,State: WV / County: 065 / Year: 2010,1,29,29-Jan,13.019,25
WV,54,65,2010,635,7,30-Jan-10,1,0,0,-0.176,State: WV / County: 065 / Year: 2010,1,30,30-Jan,13.019,25
WV,54,65,2010,635,7,31-Jan-10,1,0,0,-0.176,State: WV / County: 065 / Year: 2010,1,31,31-Jan,13.019,25
WV,54,65,2010,635,7,1-Feb-10,2,0,0,-0.176,State: WV / County: 065 / Year: 2010,1,1,1-Feb,13.019,25
WV,54,65,2010,635,7,2-Feb-10,2,0,0,-0.176,State: WV / County: 065 / Year: 2010,1,2,2-Feb,13.019,25
WV,54,65,2010,635,7,3-Feb-10,2,84,3.31,1.569,State: WV / County: 065 / Year: 2010,1,3,3-Feb,13.019,25
WV,54,65,2010,635,7,4-Feb-10,2,0,0,-0.176,State: WV / County: 065 / Year: 2010,1,4,4-Feb,13.019,25
WV,54,65,2010,635,7,5-Feb-10,2,0,0,-0.176,State: WV / County: 065 / Year: 2010,1,5,5-Feb,13.019,25
WV,54,65,2010,635,7,6-Feb-10,2,635,25,13.019,State: WV / County: 065 / Year: 2010,1,6,6-Feb,13.019,25
WV,54,65,2010,635,7,7-Feb-10,2,0,0,-0.176,State: WV / County: 065 / Year: 2010,1,7,7-Feb,13.019,25
WV,54,65,2010,635,7,8-Feb-10,2,0,0,-0.176,State: WV / County: 065 / Year: 2010,1,8,8-Feb,13.019,25
WV,54,65,2010,635,7,9-Feb-10,2,0,0,-0.176,State: WV / County: 065 / Year: 2010,1,9,9-Feb,13.019,25
WV,54,65,2010,635,7,10-Feb-10,2,305,12.01,6.162,State: WV / County: 065 / Year: 2010,1,10,10-Feb,13.019,25
WV,54,65,2010,635,7,11-Feb-10,2,0,0,-0.176,State: WV / County: 065 / Year: 2010,1,11,11-Feb,13.019,25
WV,54,65,2010,635,7,12-Feb-10,2,0,0,-0.176,State: WV / County: 065 / Year: 2010,1,12,12-Feb,13.019,25
WV,54,65,2010,635,7,13-Feb-10,2,0,0,-0.176,State: WV / County: 065 / Year: 2010,1,13,13-Feb,13.019,25
WV,54,65,2010,635,7,14-Feb-10,2,0,0,-0.176,State: WV / County: 065 / Year: 2010,1,14,14-Feb,13.019,25
WV,54,65,2010,635,7,15-Feb-10,2,0,0,-0.176,State: WV / County: 065 / Year: 2010,1,15,15-Feb,13.019,25
WV,54,65,2010,635,7,16-Feb-10,2,0,0,-0.176,State: WV / County: 065 / Year: 2010,1,16,16-Feb,13.019,25
WV,54,65,2010,635,7,17-Feb-10,2,0,0,-0.176,State: WV / County: 065 / Year: 2010,1,17,17-Feb,13.019,25
WV,54,65,2010,635,7,18-Feb-10,2,0,0,-0.176,State: WV / County: 065 / Year: 2010,1,18,18-Feb,13.019,25
WV,54,65,2010,635,7,19-Feb-10,2,0,0,-0.176,State: WV / County: 065 / Year: 2010,1,19,19-Feb,13.019,25
WV,54,65,2010,635,7,20-Feb-10,2,0,0,-0.176,State: WV / County: 065 / Year: 2010,1,20,20-Feb,13.019,25
WV,54,65,2010,635,7,21-Feb-10,2,0,0,-0.176,State: WV / County: 065 / Year: 2010,1,21,21-Feb,13.019,25
WV,54,65,2010,635,7,22-Feb-10,2,0,0,-0.176,State: WV / County: 065 / Year: 2010,1,22,22-Feb,13.019,25
WV,54,65,2010,635,7,23-Feb-10,2,0,0,-0.176,State: WV / County: 065 / Year: 2010,1,23,23-Feb,13.019,25
WV,54,65,2010,635,7,24-Feb-10,2,0,0,-0.176,State: WV / County: 065 / Year: 2010,1,24,24-Feb,13.019,25
WV,54,65,2010,635,7,25-Feb-10,2,0,0,-0.176,State: WV / County: 065 / Year: 2010,1,25,25-Feb,13.019,25
WV,54,65,2010,635,7,26-Feb-10,2,0,0,-0.176,State: WV / County: 065 / Year: 2010,1,26,26-Feb,13.019,25
WV,54,65,2010,635,7,27-Feb-10,2,0,0,-0.176,State: WV / County: 065 / Year: 2010,1,27,27-Feb,13.019,25
WV,54,65,2010,635,7,28-Feb-10,2,0,0,-0.176,State: WV / County: 065 / Year: 2010,1,28,28-Feb,13.019,25
WV,54,65,2010,635,7,1-Mar-10,3,152,5.98,2.982,State: WV / County: 065 / Year: 2010,1,1,1-Mar,13.019,25
WV,54,65,2010,635,7,2-Mar-10,3,0,0,-0.176,State: WV / County: 065 / Year: 2010,1,2,2-Mar,13.019,25
WV,54,65,2010,635,7,3-Mar-10,3,8,0.31,-0.01,State: WV / County: 065 / Year: 2010,1,3,3-Mar,13.019,25
WV,54,65,2010,635,7,4-Mar-10,3,0,0,-0.176,State: WV / County: 065 / Year: 2010,1,4,4-Mar,13.019,25
WV,54,65,2010,635,7,5-Mar-10,3,0,0,-0.176,State: WV / County: 065 / Year: 2010,1,5,5-Mar,13.019,25
WV,54,65,2010,635,7,6-Mar-10,3,0,0,-0.176,State: WV / County: 065 / Year: 2010,1,6,6-Mar,13.019,25
WV,54,65,2010,635,7,7-Mar-10,3,0,0,-0.176,State: WV / County: 065 / Year: 2010,1,7,7-Mar,13.019,25
WV,54,65,2010,635,7,8-Mar-10,3,0,0,-0.176,State: WV / County: 065 / Year: 2010,1,8,8-Mar,13.019,25
WV,54,65,2010,635,7,9-Mar-10,3,0,0,-0.176,State: WV / County: 065 / Year: 2010,1,9,9-Mar,13.019,25
WV,54,65,2010,635,7,10-Mar-10,3,0,0,-0.176,State: WV / County: 065 / Year: 2010,1,10,10-Mar,13.019,25
WV,54,65,2010,635,7,11-Mar-10,3,0,0,-0.176,State: WV / County: 065 / Year: 2010,1,11,11-Mar,13.019,25
WV,54,65,2010,635,7,12-Mar-10,3,0,0,-0.176,State: WV / County: 065 / Year: 2010,1,12,12-Mar,13.019,25
WV,54,65,2010,635,7,13-Mar-10,3,0,0,-0.176,State: WV / County: 065 / Year: 2010,1,13,13-Mar,13.019,25
WV,54,65,2010,635,7,14-Mar-10,3,0,0,-0.176,State: WV / County: 065 / Year: 2010,1,14,14-Mar,13.019,25
WV,54,65,2010,635,7,15-Mar-10,3,0,0,-0.176,State: WV / County: 065 / Year: 2010,1,15,15-Mar,13.019,25
WV,54,65,2010,635,7,16-Mar-10,3,0,0,-0.176,State: WV / County: 065 / Year: 2010,1,16,16-Mar,13.019,25
WV,54,65,2010,635,7,17-Mar-10,3,0,0,-0.176,State: WV / County: 065 / Year: 2010,1,17,17-Mar,13.019,25
WV,54,65,2010,635,7,18-Mar-10,3,0,0,-0.176,State: WV / County: 065 / Year: 2010,1,18,18-Mar,13.019,25
WV,54,65,2010,635,7,19-Mar-10,3,0,0,-0.176,State: WV / County: 065 / Year: 2010,1,19,19-Mar,13.019,25
WV,54,65,2010,635,7,20-Mar-10,3,0,0,-0.176,State: WV / County: 065 / Year: 2010,1,20,20-Mar,13.019,25
WV,54,65,2010,635,7,21-Mar-10,3,0,0,-0.176,State: WV / County: 065 / Year: 2010,1,21,21-Mar,13.019,25
WV,54,65,2010,635,7,22-Mar-10,3,0,0,-0.176,State: WV / County: 065 / Year: 2010,1,22,22-Mar,13.019,25
WV,54,65,2010,635,7,23-Mar-10,3,0,0,-0.176,State: WV / County: 065 / Year: 2010,1,23,23-Mar,13.019,25
WV,54,65,2010,635,7,24-Mar-10,3,0,0,-0.176,State: WV / County: 065 / Year: 2010,1,24,24-Mar,13.019,25
WV,54,65,2010,635,7,25-Mar-10,3,0,0,-0.176,State: WV / County: 065 / Year: 2010,1,25,25-Mar,13.019,25
WV,54,65,2010,635,7,26-Mar-10,3,0,0,-0.176,State: WV / County: 065 / Year: 2010,1,26,26-Mar,13.019,25
WV,54,65,2010,635,7,27-Mar-10,3,0,0,-0.176,State: WV / County: 065 / Year: 2010,1,27,27-Mar,13.019,25
WV,54,65,2010,635,7,28-Mar-10,3,0,0,-0.176,State: WV / County: 065 / Year: 2010,1,28,28-Mar,13.019,25
WV,54,65,2010,635,7,29-Mar-10,3,0,0,-0.176,State: WV / County: 065 / Year: 2010,1,29,29-Mar,13.019,25
WV,54,65,2010,635,7,30-Mar-10,3,0,0,-0.176,State: WV / County: 065 / Year: 2010,1,30,30-Mar,13.019,25
WV,54,65,2010,635,7,31-Mar-10,3,0,0,-0.176,State: WV / County: 065 / Year: 2010,1,31,31-Mar,13.019,25
